DATE,STORAGE,
2016-10-01,"14,202",
2016-10-03,"14,177",
2016-10-04,"14,164",
2016-10-06,"14,145",
2016-10-07,"14,133",
2016-10-08,"14,120",
2016-10-09,"14,114",
2016-10-10,"14,101",
2016-10-11,"14,095",
2016-10-12,"14,070",
2016-10-13,"14,070",
2016-10-14,"14,057",
2016-10-15,"14,057",
2016-10-16,"14,089",
2016-10-17,"14,101",
2016-10-18,"14,107",
2016-10-19,"14,114",
2016-10-20,"14,107",
2016-10-21,"14,101",
2016-10-22,"14,089",
2016-10-23,"14,070",
2016-10-24,"14,076",
2016-10-25,"14,089",
2016-10-26,"14,095",
2016-10-27,"14,101",
2016-10-28,"14,158",
2016-10-30,"14,202",
2016-11-01,"14,267",
2016-11-02,"14,287",
2016-11-03,"14,299",
2016-11-04,"14,325",
2016-11-05,"14,345",
2016-11-06,"14,371",
2016-11-07,"14,384",
2016-11-08,"14,384",
2016-11-09,"14,371",
2016-11-10,"14,390",
2016-11-11,"14,397",
2016-11-12,"14,403",
2016-11-13,"14,403",
2016-11-14,"14,403",
2016-11-15,"14,403",
2016-11-16,"14,410",
2016-11-17,"14,410",
2016-11-18,"14,410",
2016-11-19,"14,423",
2016-11-20,"14,410",
2016-11-21,"14,455",
2016-11-22,"14,474",
2016-11-23,"14,507",
2016-11-24,"14,520",
2016-11-25,"14,546",
2016-11-26,"14,572",
2016-11-27,"14,637",
2016-11-28,"14,675",
2016-11-29,"14,695",
2016-11-30,"14,727",
2016-12-01,"14,766",
2016-12-02,"14,792",
2016-12-03,"14,838",
2016-12-04,"14,871",
2016-12-05,"14,904",
2016-12-06,"14,931",
2016-12-07,"14,965",
2016-12-08,"14,991",
2016-12-09,"15,032",
2016-12-10,"15,072",
2016-12-11,"15,105",
2016-12-12,"15,132",
2016-12-13,"15,172",
2016-12-14,"15,205",
2016-12-15,"15,239",
2016-12-16,"15,299",
2016-12-17,"15,339",
2016-12-19,"15,393",
2016-12-20,"15,413",
2016-12-21,"15,446",
2016-12-22,"15,473",
2016-12-23,"15,520",
2016-12-24,"15,617",
2016-12-25,"15,651",
2016-12-26,"15,679",
2016-12-27,"15,706",
2016-12-28,"15,747",
2016-12-29,"15,789",
2016-12-30,"15,830",
2016-12-31,"15,858",
2017-01-01,"15,906",
2017-01-02,"15,947",
2017-01-03,"15,981",
2017-01-04,"16,016",
2017-01-05,"16,078",
2017-01-06,"16,126",
2017-01-07,"16,195",
2017-01-08,"16,266",
2017-01-09,"16,386",
2017-01-10,"16,606",
2017-01-11,"16,762",
2017-01-12,"17,146",
2017-01-13,"17,387",
2017-01-14,"17,541",
2017-01-15,"17,629",
2017-01-16,"17,712",
2017-01-17,"17,765",
2017-01-18,"17,795",
2017-01-19,"17,900",
2017-01-20,"18,036",
2017-01-21,"19,150",
2017-01-22,"19,368",
2017-01-24,"22,290",
2017-01-25,"22,942",
2017-01-26,"23,501",
2017-01-27,"23,873",
2017-01-28,"24,198",
2017-01-29,"24,456",
2017-01-30,"24,674",
2017-01-31,"24,867",
2017-02-01,"25,036",
2017-02-02,"25,171",
2017-02-03,"25,315",
2017-02-04,"25,628",
2017-02-05,"25,919",
2017-02-06,"26,253",
2017-02-07,"27,814",
2017-02-08,"29,083",
2017-02-09,"29,943",
2017-02-10,"30,522",
2017-02-11,"31,395",
2017-02-12,"32,323",
2017-02-13,"33,079",
2017-02-14,"33,656",
2017-02-15,"34,159",
2017-02-16,"34,576",
2017-02-17,"35,192",
2017-02-18,"63,290",
2017-02-19,"71,886",
2017-02-20,"75,939",
2017-02-21,"79,541",
2017-02-22,"81,994",
2017-02-23,"83,794",
2017-02-24,"85,321",
2017-02-25,"86,335",
2017-02-26,"87,484",
2017-02-27,"88,495",
2017-02-28,"89,227",
2017-03-01,"89,757",
2017-03-02,"90,343",
2017-03-03,"90,696",
2017-03-04,"91,030",
2017-03-05,"91,382",
2017-03-06,"91,772",
2017-03-07,"92,106",
2017-03-08,"92,424",
2017-03-09,"92,725",
2017-03-10,"92,988",
2017-03-11,"93,251",
2017-03-12,"93,514",
2017-03-13,"93,759",
2017-03-14,"94,003",
2017-03-15,"94,212",
2017-03-16,"94,384",
2017-03-17,"94,613",
2017-03-18,"94,785",
2017-03-19,"95,014",
2017-03-20,"95,204",
2017-03-21,"95,472",
2017-03-22,"95,815",
2017-03-23,"96,142",
2017-03-24,"96,373",
2017-03-25,"96,586",
2017-03-26,"96,798",
2017-03-27,"96,953",
2017-03-28,"97,127",
2017-03-29,"97,282",
2017-03-30,"97,339",
2017-03-31,"97,301",
2017-04-01,"97,417",
2017-04-02,"97,513",
2017-04-03,"97,629",
2017-04-04,"97,687",
2017-04-05,"97,765",
2017-04-06,"97,784",
2017-04-07,"97,958",
2017-04-08,"97,997",
2017-04-09,"98,037",
2017-04-10,"98,115",
2017-04-11,"98,174",
2017-04-12,"98,232",
2017-04-13,"98,271",
2017-04-14,"98,311",
2017-04-15,"98,369",
2017-04-16,"98,428",
2017-04-17,"98,506",
2017-04-18,"98,604",
2017-04-19,"98,682",
2017-04-20,"98,761",
2017-04-21,"98,800",
2017-04-22,"98,858",
2017-04-23,"98,917",
2017-04-24,"98,956",
2017-04-25,"98,976",
2017-04-26,"99,015",
2017-04-27,"99,015",
2017-04-28,"99,015",
2017-04-29,"99,015",
2017-04-30,"99,015",
2017-05-01,"99,054",
2017-05-02,"99,074",
2017-05-03,"99,074",
2017-05-04,"99,015",
2017-05-05,"98,995",
2017-05-06,"98,976",
2017-05-07,"99,015",
2017-05-08,"99,054",
2017-05-09,"99,054",
2017-05-10,"99,113",
2017-05-11,"99,113",
2017-05-12,"99,132",
2017-05-13,"99,152",
2017-05-14,"99,152",
2017-05-15,"99,132",
2017-05-16,"99,113",
2017-05-17,"99,113",
2017-05-18,"99,074",
2017-05-19,"99,054",
2017-05-20,"99,015",
2017-05-21,"99,015",
2017-05-22,"98,976",
2017-05-23,"98,976",
2017-05-24,"98,956",
2017-05-25,"98,937",
2017-05-26,"98,878",
2017-05-27,"98,819",
2017-05-28,"98,780",
2017-05-29,"98,780",
2017-05-30,"98,741",
2017-05-31,"98,721",
2017-06-01,"98,663",
2017-06-02,"98,624",
2017-06-03,"98,565",
2017-06-04,"98,526",
2017-06-05,"98,487",
2017-06-06,"98,448",
2017-06-07,"98,389",
2017-06-08,"98,350",
2017-06-09,"98,291",
2017-06-10,"98,232",
2017-06-11,"98,154",
2017-06-12,"98,076",
2017-06-13,"98,037",
2017-06-14,"97,978",
2017-06-15,"97,900",
2017-06-16,"97,784",
2017-06-17,"97,707",
2017-06-18,"97,668",
2017-06-19,"97,649",
2017-06-20,"97,591",
2017-06-21,"97,513",
2017-06-22,"97,455",
2017-06-23,"97,359",
2017-06-24,"97,301",
2017-06-25,"97,224",
2017-06-26,"97,166",
2017-06-27,"97,069",
2017-06-28,"97,030",
2017-06-29,"96,934",
2017-06-30,"96,837",
2017-07-01,"96,798",
2017-07-02,"96,721",
2017-07-03,"96,683",
2017-07-04,"96,625",
2017-07-05,"96,567",
2017-07-06,"96,509",
2017-07-07,"96,451",
2017-07-08,"96,412",
2017-07-09,"96,335",
2017-07-10,"96,296",
2017-07-11,"96,238",
2017-07-12,"96,180",
2017-07-13,"96,103",
2017-07-14,"96,026",
2017-07-15,"95,930",
2017-07-16,"95,872",
2017-07-17,"95,815",
2017-07-18,"95,720",
2017-07-19,"95,643",
2017-07-20,"95,567",
2017-07-21,"95,491",
2017-07-22,"95,414",
2017-07-23,"95,357",
2017-07-24,"95,300",
2017-07-25,"95,224",
2017-07-26,"95,147",
2017-07-27,"95,090",
2017-07-28,"94,994",
2017-07-29,"94,918",
2017-07-30,"94,823",
2017-07-31,"94,727",
2017-08-01,"94,651",
2017-08-02,"94,594",
2017-08-03,"94,555",
2017-08-04,"94,498",
2017-08-05,"94,422",
2017-08-06,"94,345",
2017-08-07,"94,269",
2017-08-08,"94,193",
2017-08-09,"94,136",
2017-08-10,"94,059",
2017-08-11,"93,984",
2017-08-12,"93,909",
2017-08-13,"93,815",
2017-08-14,"93,721",
2017-08-15,"93,646",
2017-08-16,"93,514",
2017-08-17,"93,402",
2017-08-18,"93,345",
2017-08-19,"93,289",
2017-08-20,"93,214",
2017-08-21,"93,176",
2017-08-22,"92,744",
2017-08-23,"94,212",
2017-08-24,"91,994",
2017-08-25,"91,605",
2017-08-26,"91,178",
2017-08-27,"90,788",
2017-08-28,"90,380",
2017-08-29,"89,959",
2017-08-30,"89,574",
2017-08-31,"89,172",
2017-09-01,"88,787",
2017-09-02,"88,405",
2017-09-03,"88,008",
2017-09-04,"87,611",
2017-09-05,"87,322",
2017-09-06,"87,069",
2017-09-07,"86,799",
2017-09-08,"86,584",
2017-09-09,"86,388",
2017-09-10,"86,175",
2017-09-11,"86,015",
2017-09-12,"85,819",
2017-09-13,"85,641",
2017-09-14,"85,446",
2017-09-15,"85,250",
2017-09-16,"85,054",
2017-09-17,"84,877",
2017-09-18,"84,685",
2017-09-19,"84,493",
2017-09-20,"84,301",
2017-09-23,"83,882",
2017-09-24,"83,707",
2017-09-25,"83,567",
2017-09-26,"83,427",
2017-09-27,"83,253",
2017-09-28,"83,097",
2017-09-29,"82,924",
2017-09-30,"82,752",
2017-10-01,"82,563",
2017-10-02,"82,425",
2017-10-03,"82,287",
2017-10-04,"82,115",
2017-10-05,"78,332",
2017-10-06,"78,047",
2017-10-07,"79,021",
2017-10-08,"78,836",
2017-10-09,"78,718",
2017-10-10,"78,584",
2017-10-11,"78,466",
2017-10-12,"78,298",
2017-10-13,"78,147",
2017-10-14,"77,964",
2017-10-15,"77,816",
2017-10-16,"77,634",
2017-10-17,"77,502",
2017-10-18,"79,676",
2017-10-19,"79,525",
2017-10-20,"79,357",
2017-10-21,"79,222",
2017-10-22,"79,088",
2017-10-23,"78,953",
2017-10-24,"78,785",
2017-10-25,"78,651",
2017-10-26,"78,483",
2017-10-27,"78,298",
2017-10-28,"78,113",
2017-10-29,"77,948",
2017-10-30,"77,799",
2017-10-31,"77,617",
2017-11-01,"77,485",
2017-11-02,"77,320",
2017-11-03,"77,238",
2017-11-04,"77,155",
2017-11-05,"77,056",
2017-11-06,"76,940",
2017-11-07,"76,841",
2017-11-08,"76,709",
2017-11-09,"76,660",
2017-11-10,"76,528",
2017-11-11,"76,478",
2017-11-12,"76,380",
2017-11-13,"76,331",
2017-11-14,"76,249",
2017-11-15,"76,200",
2017-11-16,"76,118",
2017-11-17,"76,020",
2017-11-18,"75,939",
2017-11-19,"75,874",
2017-11-20,"75,874",
2017-11-21,"75,841",
2017-11-22,"75,808",
2017-11-23,"75,776",
2017-11-24,"75,710",
2017-11-25,"75,743",
2017-11-26,"75,710",
2017-11-27,"75,694",
2017-11-28,"75,678",
2017-11-29,"75,645",
2017-11-30,"75,612",
2017-12-01,"75,580",
2017-12-02,"75,531",
2017-12-03,"75,515",
2017-12-04,"75,482",
2017-12-05,"75,466",
2017-12-06,"75,433",
2017-12-07,"75,351",
2017-12-08,"75,302",
2017-12-09,"75,302",
2017-12-10,"75,286",
2017-12-11,"75,221",
2017-12-12,"75,155",
2017-12-13,"75,090",
2017-12-14,"75,025",
2017-12-15,"74,992",
2017-12-16,"74,992",
2017-12-17,"74,960",
2017-12-18,"74,943",
2017-12-19,"74,911",
2017-12-20,"74,878",
2017-12-21,"74,862",
2017-12-23,"74,845",
2017-12-24,"74,845",
2017-12-25,"74,845",
2017-12-26,"74,862",
2017-12-27,"74,845",
2017-12-28,"74,829",
2017-12-29,"74,813",
2017-12-30,"74,780",
2017-12-31,"74,748",
2018-01-01,"74,732",
2018-01-02,"74,732",
2018-01-03,"74,732",
2018-01-04,"74,732",
2018-01-05,"74,748",
2018-01-06,"74,764",
2018-01-07,"74,780",
2018-01-08,"74,829",
2018-01-09,"75,253",
2018-01-10,"75,335",
2018-01-11,"75,368",
2018-01-12,"75,384",
2018-01-13,"75,384",
2018-01-14,"75,417",
2018-01-15,"75,417",
2018-01-16,"75,417",
2018-01-17,"75,449",
2018-01-18,"75,433",
2018-01-19,"75,433",
2018-01-20,"75,400",
2018-01-21,"75,400",
2018-01-22,"75,400",
2018-01-23,"75,400",
2018-01-24,"75,417",
2018-01-25,"75,400",
2018-01-26,"75,384",
2018-01-27,"75,384",
2018-01-28,"75,384",
2018-01-29,"75,400",
2018-01-31,"75,384",
2018-02-01,"75,400",
2018-02-02,"75,400",
2018-02-03,"75,400",
2018-02-04,"75,384",
2018-02-05,"75,368",
2018-02-06,"75,368",
2018-02-07,"75,351",
2018-02-08,"75,319",
2018-02-09,"75,286",
2018-02-10,"75,286",
2018-02-11,"75,270",
2018-02-12,"75,253",
2018-02-13,"75,237",
2018-02-14,"75,221",
2018-02-15,"75,237",
2018-02-16,"75,237",
2018-02-17,"75,237",
2018-02-18,"75,221",
2018-02-19,"75,221",
2018-02-20,"75,221",
2018-02-21,"75,172",
2018-02-22,"75,139",
2018-02-23,"75,123",
2018-02-24,"75,107",
2018-02-25,"75,090",
2018-02-26,"75,090",
2018-02-27,"75,090",
2018-02-28,"75,074",
2018-03-01,"75,107",
2018-03-02,"75,221",
2018-03-03,"75,270",
2018-03-04,"75,270",
2018-03-05,"75,286",
2018-03-06,"75,286",
2018-03-07,"75,286",
2018-03-08,"75,286",
2018-03-09,"75,319",
2018-03-10,"75,351",
2018-03-11,"75,482",
2018-03-12,"75,515",
2018-03-13,"75,547",
2018-03-14,"75,612",
2018-03-15,"75,645",
2018-03-16,"75,661",
2018-03-17,"75,694",
2018-03-18,"75,694",
2018-03-19,"75,710",
2018-03-20,"75,710",
2018-03-21,"75,890",
2018-03-22,"76,429",
2018-03-23,"77,386",
2018-03-24,"77,617",
2018-03-25,"77,683",
2018-03-26,"77,700",
2018-03-27,"77,700",
2018-03-29,"77,783",
2018-03-30,"77,783",
2018-03-31,"77,799",
2018-04-01,"77,816",
2018-04-02,"77,816",
2018-04-03,"77,832",
2018-04-04,"77,832",
2018-04-05,"77,849",
2018-04-06,"77,849",
2018-04-07,"77,882",
2018-04-08,"77,898",
2018-04-09,"77,898",
2018-04-10,"77,898",
2018-04-11,"77,915",
2018-04-12,"77,832",
2018-04-13,"77,832",
2018-04-14,"77,816",
2018-04-15,"77,783",
2018-04-16,"77,766",
2018-04-17,"77,750",
2018-04-18,"77,716",
2018-04-19,"77,700",
2018-04-20,"77,700",
2018-04-21,"77,683",
2018-04-22,"77,683",
2018-04-23,"77,650",
2018-04-24,"77,584",
2018-04-25,"77,551",
2018-04-26,"77,535",
2018-04-27,"77,518",
2018-04-28,"77,485",
2018-04-29,"77,452",
2018-04-30,"77,436",
2018-05-01,"77,386",
2018-05-02,"77,452",
2018-05-03,"77,436",
2018-05-04,"77,419",
2018-05-05,"77,403",
2018-05-06,"77,403",
2018-05-07,"77,403",
2018-05-08,"77,353",
2018-05-09,"77,337",
2018-05-10,"77,304",
2018-05-11,"77,271",
2018-05-12,"77,221",
2018-05-13,"77,188",
2018-05-14,"77,172",
2018-05-15,"77,155",
2018-05-16,"77,139",
2018-05-17,"77,089",
2018-05-18,"77,056",
2018-05-19,"77,056",
2018-05-20,"77,039",
2018-05-21,"77,006",
2018-05-22,"76,973",
2018-05-23,"76,940",
2018-05-24,"76,907",
2018-05-25,"76,874",
2018-05-27,"76,775",
2018-05-28,"76,759",
2018-05-29,"76,709",
2018-05-30,"76,693",
2018-05-31,"76,643",
2018-06-01,"76,577",
2018-06-02,"76,528",
2018-06-03,"76,478",
2018-06-04,"76,429",
2018-06-05,"76,363",
2018-06-06,"76,314",
2018-06-07,"76,249",
2018-06-08,"76,200",
2018-06-09,"76,135",
2018-06-10,"76,086",
2018-06-11,"76,020",
2018-06-12,"75,939",
2018-06-13,"75,857",
2018-06-14,"75,776",
2018-06-15,"75,710",
2018-06-16,"75,661",
2018-06-17,"75,612",
2018-06-18,"75,531",
2018-06-19,"75,498",
2018-06-20,"75,449",
2018-06-21,"75,384",
2018-06-22,"75,319",
2018-06-23,"75,270",
2018-06-24,"75,221",
2018-06-25,"75,172",
2018-06-26,"75,123",
2018-06-27,"75,058",
2018-06-28,"74,992",
2018-06-29,"74,943",
2018-06-30,"74,878",
2018-07-01,"74,829",
2018-07-02,"74,780",
2018-07-03,"74,699",
2018-07-04,"74,586",
2018-07-05,"74,473",
2018-07-06,"74,376",
2018-07-07,"74,279",
2018-07-08,"74,182",
2018-07-09,"74,085",
2018-07-10,"74,021",
2018-07-11,"73,892",
2018-07-12,"73,859",
2018-07-13,"73,795",
2018-07-14,"73,714",
2018-07-15,"73,617",
2018-07-16,"73,536",
2018-07-17,"73,471",
2018-07-18,"73,391",
2018-07-19,"73,342",
2018-07-20,"73,278",
2018-07-21,"73,181",
2018-07-22,"73,053",
2018-07-23,"73,005",
2018-07-24,"72,909",
2018-07-25,"72,813",
2018-07-26,"72,701",
2018-07-27,"72,621",
2018-07-28,"72,541",
2018-07-29,"72,477",
2018-07-30,"72,429",
2018-07-31,"72,381",
2018-08-01,"72,285",
2018-08-02,"72,173",
2018-08-03,"72,077",
2018-08-04,"71,981",
2018-08-05,"71,886",
2018-08-06,"71,806",
2018-08-07,"71,345",
2018-08-08,"70,871",
2018-08-09,"70,444",
2018-08-10,"70,002",
2018-08-11,"69,597",
2018-08-12,"69,192",
2018-08-13,"68,802",
2018-08-14,"68,382",
2018-08-15,"67,982",
2018-08-16,"67,552",
2018-08-17,"67,137",
2018-08-18,"66,725",
2018-08-19,"66,315",
2018-08-20,"65,967",
2018-08-21,"65,603",
2018-08-22,"65,271",
2018-08-23,"65,016",
2018-08-24,"64,777",
2018-08-25,"64,553",
2018-08-26,"64,358",
2018-08-27,"64,164",
2018-08-28,"63,954",
2018-08-29,"63,718",
2018-08-30,"63,541",
2018-08-31,"63,378",
2018-09-01,"63,246",
2018-09-02,"63,098",
2018-09-03,"62,980",
2018-09-04,"62,862",
2018-09-05,"62,744",
2018-09-06,"62,641",
2018-09-07,"62,552",
2018-09-08,"62,464",
2018-09-09,"62,376",
2018-09-10,"62,318",
2018-09-11,"62,260",
2018-09-12,"62,231",
2018-09-13,"62,144",
2018-09-14,"62,086",
2018-09-15,"62,028",
2018-09-16,"61,984",
2018-09-17,"61,940",
2018-09-18,"61,897",
2018-09-19,"61,868",
2018-09-20,"61,781",
2018-09-21,"61,737",
2018-09-22,"61,679",
2018-09-23,"61,621",
2018-09-24,"61,592",
2018-09-25,"61,549",
2018-09-26,"61,490",
2018-09-27,"61,432",
2018-09-28,"61,374",
2018-09-29,"61,316",
2018-09-30,"61,273",
2018-10-01,"61,200",
2018-10-02,"61,157",
2018-10-03,"61,099",
2018-10-04,"61,084",
2018-10-05,"61,040",
2018-10-06,"61,026",
2018-10-07,"60,997",
2018-10-08,"60,982",
2018-10-09,"60,939",
2018-10-10,"60,896",
2018-10-11,"60,868",
2018-10-12,"60,839",
2018-10-13,"60,811",
2018-10-14,"60,782",
2018-10-15,"60,739",
2018-10-16,"60,696",
2018-10-17,"60,625",
2018-10-18,"60,567",
2018-10-19,"60,553",
2018-10-20,"60,525",
2018-10-21,"60,482",
2018-10-22,"60,467",
2018-10-23,"60,439",
2018-10-24,"60,410",
2018-10-25,"60,382",
2018-10-26,"60,339",
2018-10-27,"60,324",
2018-10-28,"60,310",
2018-10-29,"60,281",
2018-10-30,"60,224",
2018-10-31,"60,153",
2018-11-01,"60,153",
2018-11-02,"60,124",
2018-11-03,"60,067",
2018-11-04,"59,981",
2018-11-05,"59,910",
2018-11-06,"59,795",
2018-11-07,"59,767",
2018-11-08,"59,638",
2018-11-09,"59,595",
2018-11-10,"59,524",
2018-11-11,"59,425",
2018-11-12,"59,340",
2018-11-13,"59,270",
2018-11-14,"59,185",
2018-11-15,"59,114",
2018-11-16,"59,044",
2018-11-17,"58,959",
2018-11-18,"58,902",
2018-11-19,"58,888",
2018-11-20,"58,846",
2018-11-21,"58,804",
2018-11-22,"58,818",
2018-11-23,"58,832",
2018-11-24,"58,818",
2018-11-25,"58,832",
2018-11-26,"58,832",
2018-11-27,"58,846",
2018-11-28,"58,874",
2018-11-29,"59,030",
2018-11-30,"59,114",
2018-12-01,"59,143",
2018-12-02,"59,143",
2018-12-03,"59,157",
2018-12-04,"59,185",
2018-12-05,"59,185",
2018-12-06,"59,199",
2018-12-07,"59,213",
2018-12-08,"59,213",
2018-12-09,"59,241",
2018-12-10,"59,241",
2018-12-11,"59,270",
2018-12-12,"59,270",
2018-12-13,"59,284",
2018-12-14,"59,298",
2018-12-15,"59,298",
2018-12-16,"59,298",
2018-12-17,"59,326",
2018-12-18,"59,312",
2018-12-19,"59,340",
2018-12-20,"59,411",
2018-12-21,"59,439",
2018-12-22,"59,439",
2018-12-23,"59,439",
2018-12-24,"59,467",
2018-12-25,"59,496",
2018-12-26,"59,524",
2018-12-27,"59,510",
2018-12-28,"59,524",
2018-12-29,"59,552",
2018-12-30,"59,581",
2018-12-31,"59,581",
2019-01-01,"59,595",
2019-01-02,"59,624",
2019-01-03,"59,638",
2019-01-04,"59,667",
2019-01-05,"59,681",
2019-01-06,"59,781",
2019-01-07,"59,838",
2019-01-08,"59,995",
2019-01-09,"60,038",
2019-01-10,"60,067",
2019-01-11,"60,124",
2019-01-12,"60,267",
2019-01-13,"60,324",
2019-01-14,"60,396",
2019-01-15,"60,467",
2019-01-16,"60,753",
2019-01-17,"62,376",
2019-01-18,"68,198",
2019-01-19,"69,114",
2019-01-20,"69,488",
2019-01-21,"69,690",
2019-01-22,"69,846",
2019-01-23,"69,955",
2019-01-24,"70,081",
2019-01-25,"70,144",
2019-01-26,"70,207",
2019-01-27,"70,286",
2019-01-28,"70,350",
2019-01-29,"70,413",
2019-01-30,"70,476",
2019-01-31,"70,650",
2019-02-01,"70,966",
2019-02-02,"71,566",
2019-02-03,"78,550",
2019-02-04,"84,773",
2019-02-05,"91,159",
2019-02-06,"94,116",
2019-02-07,"95,663",
2019-02-08,"96,741",
2019-02-09,"97,571",
2019-02-10,"98,369",
2019-02-11,"99,093",
2019-02-12,"99,739",
2019-02-13,"100,272",
2019-02-19,"114,672",
2019-02-20,"115,687",
2019-02-21,"116,552",
2019-02-22,"117,317",
2019-02-23,"117,973",
2019-02-24,"118,541",
2019-02-25,"119,093",
2019-02-26,"119,557",
2019-02-27,"120,021",
2019-02-28,"120,552",
2019-03-01,"121,197",
2019-03-02,"122,025",
2019-03-03,"123,980",
2019-03-04,"125,156",
2019-03-05,"126,022",
2019-03-06,"127,691",
2019-03-07,"132,258",
2019-03-08,"135,090",
2019-03-09,"137,083",
2019-03-10,"138,615",
2019-03-11,"139,959",
2019-03-12,"141,116",
2019-03-13,"142,028",
2019-03-14,"142,977",
2019-03-15,"143,775",
2019-03-16,"144,475",
2019-03-17,"145,158",
2019-03-18,"145,765",
2019-03-19,"146,321",
2019-03-20,"146,903",
2019-03-21,"147,621",
2019-03-22,"148,185",
2019-03-23,"148,724",
2019-03-24,"149,212",
2019-03-25,"149,624",
2019-03-26,"150,013",
2019-03-27,"150,403",
2019-03-28,"150,792",
2019-03-29,"151,130",
2019-03-30,"151,442",
2019-03-31,"151,753",
2019-04-01,"152,091",
2019-04-02,"152,380",
2019-04-03,"152,617",
2019-04-04,"152,801",
2019-04-05,"153,011",
2019-04-06,"153,222",
2019-04-07,"153,432",
2019-04-08,"153,590",
2019-04-09,"153,748",
2019-04-10,"153,827",
2019-04-11,"153,932",
2019-04-12,"154,037",
2019-04-13,"154,169",
2019-04-14,"154,301",
2019-04-15,"154,432",
2019-04-16,"154,511",
2019-04-17,"154,590",
2019-04-18,"154,695",
2019-04-19,"154,774",
2019-04-20,"154,828",
2019-04-21,"154,908",
2019-04-22,"154,961",
2019-04-23,"155,014",
2019-04-24,"155,094",
2019-04-25,"155,148",
2019-04-26,"155,228",
2019-04-27,"155,281",
2019-04-28,"155,308",
2019-04-29,"155,388",
2019-04-30,"155,414",
2019-05-01,"155,468",
2019-05-02,"155,521",
2019-05-03,"155,574",
2019-05-04,"155,601",
2019-05-05,"155,601",
2019-05-06,"155,654",
2019-05-07,"155,681",
2019-05-08,"155,707",
2019-05-09,"155,707",
2019-05-10,"155,734",
2019-05-11,"155,814",
2019-05-12,"155,867",
2019-05-13,"155,867",
2019-05-14,"155,867",
2019-05-15,"155,867",
2019-05-16,"155,947",
2019-05-17,"155,894",
2019-05-18,"155,921",
2019-05-19,"156,107",
2019-05-20,"156,134",
2019-05-21,"156,214",
2019-05-22,"156,214",
2019-05-23,"156,241",
2019-05-24,"156,294",
2019-05-25,"156,321",
2019-05-26,"156,347",
2019-05-27,"156,347",
2019-05-28,"156,374",
2019-05-29,"156,374",
2019-05-30,"156,374",
2019-05-31,"156,321",
2019-06-01,"156,294",
2019-06-02,"156,294",
2019-06-03,"156,321",
2019-06-04,"156,294",
2019-06-05,"156,294",
2019-06-06,"156,241",
2019-06-07,"156,214",
2019-06-08,"156,187",
2019-06-09,"156,134",
2019-06-10,"156,107",
2019-06-11,"156,054",
2019-06-12,"155,947",
2019-06-13,"155,894",
2019-06-14,"155,841",
2019-06-15,"155,761",
2019-06-16,"155,681",
2019-06-17,"155,601",
2019-06-18,"155,548",
2019-06-19,"155,521",
2019-06-20,"155,494",
2019-06-21,"155,441",
2019-06-22,"155,388",
2019-06-23,"155,361",
2019-06-24,"155,308",
2019-06-25,"155,281",
2019-06-26,"155,228",
2019-06-27,"155,174",
2019-06-28,"155,121",
2019-06-29,"155,041",
2019-06-30,"154,961",
2019-07-01,"154,934",
2019-07-02,"154,828",
2019-07-03,"154,748",
2019-07-04,"154,616",
2019-07-05,"154,485",
2019-07-06,"154,406",
2019-07-07,"154,301",
2019-07-08,"154,222",
2019-07-09,"154,116",
2019-07-10,"154,037",
2019-07-11,"153,959",
2019-07-12,"153,853",
2019-07-13,"153,774",
2019-07-14,"153,695",
2019-07-15,"153,590",
2019-07-16,"153,459",
2019-07-17,"153,301",
2019-07-18,"153,196",
2019-07-19,"153,090",
2019-07-20,"152,985",
2019-07-21,"152,854",
2019-07-22,"152,748",
2019-07-23,"152,643",
2019-07-24,"152,564",
2019-07-25,"152,459",
2019-07-26,"152,327",
2019-07-27,"152,196",
2019-07-28,"152,091",
2019-07-29,"151,961",
2019-07-30,"151,831",
2019-07-31,"151,727",
2019-08-01,"151,598",
2019-08-02,"151,494",
2019-08-03,"151,390",
2019-08-04,"151,286",
2019-08-05,"151,182",
2019-08-06,"151,078",
2019-08-07,"150,948",
2019-08-08,"150,844",
2019-08-09,"150,689",
2019-08-10,"150,585",
2019-08-11,"150,481",
2019-08-12,"150,351",
2019-08-13,"150,247",
2019-08-14,"150,143",
2019-08-15,"150,013",
2019-08-16,"149,909",
2019-08-17,"149,806",
2019-08-18,"149,702",
2019-08-19,"149,572",
2019-08-20,"149,469",
2019-08-21,"149,340",
2019-08-22,"149,212",
2019-08-23,"149,084",
2019-08-24,"148,955",
2019-08-25,"148,827",
2019-08-26,"148,673",
2019-08-27,"148,570",
2019-08-28,"148,468",
2019-08-29,"148,365",
2019-08-30,"148,237",
2019-08-31,"148,083",
2019-09-01,"148,006",
2019-09-02,"147,878",
2019-09-03,"147,775",
2019-09-04,"147,647",
2019-09-05,"147,467",
2019-09-06,"147,313",
2019-09-07,"147,159",
2019-09-08,"146,979",
2019-09-09,"146,827",
2019-09-10,"146,726",
2019-09-11,"146,600",
2019-09-12,"146,498",
2019-09-13,"146,397",
2019-09-14,"146,271",
2019-09-15,"146,144",
2019-09-16,"146,018",
2019-09-17,"145,917",
2019-09-18,"145,790",
2019-09-19,"145,664",
2019-09-20,"145,537",
2019-09-21,"145,436",
2019-09-22,"145,335",
2019-09-23,"145,234",
2019-09-24,"145,132",
2019-09-25,"145,082",
2019-09-26,"145,006",
2019-09-27,"144,829",
2019-09-28,"144,728",
2019-09-29,"144,576",
2019-09-30,"144,475",
2019-10-01,"144,349",
2019-10-02,"144,249",
2019-10-03,"144,150",
2019-10-04,"144,050",
2019-10-05,"143,950",
2019-10-06,"143,875",
2019-10-07,"143,800",
2019-10-08,"143,700",
2019-10-09,"143,625",
2019-10-10,"143,501",
2019-10-11,"143,426",
2019-10-12,"143,326",
2019-10-13,"143,201",
2019-10-14,"143,076",
2019-10-15,"143,002",
2019-10-16,"142,927",
2019-10-17,"142,802",
2019-10-18,"142,677",
2019-10-19,"142,552",
2019-10-20,"142,428",
2019-10-21,"142,328",
2019-10-22,"142,253",
2019-10-23,"142,178",
2019-10-24,"142,078",
2019-10-25,"142,003",
2019-10-26,"141,928",
2019-10-27,"141,830",
2019-10-28,"141,756",
2019-10-29,"141,658",
2019-10-30,"141,559",
2019-10-31,"141,461",
2019-11-01,"141,362",
2019-11-02,"141,288",
2019-11-03,"141,214",
2019-11-04,"141,116",
2019-11-05,"141,042",
2019-11-06,"140,919",
2019-11-07,"140,845",
2019-11-08,"140,747",
2019-11-09,"140,722",
2019-11-10,"140,574",
2019-11-11,"140,525",
2019-11-12,"140,476",
2019-11-13,"140,402",
2019-11-14,"140,353",
2019-11-15,"140,279",
2019-11-16,"140,205",
2019-11-17,"140,180",
2019-11-18,"140,131",
2019-11-19,"140,008",
2019-11-20,"139,983",
2019-11-21,"139,885",
2019-11-22,"139,836",
2019-11-23,"139,737",
2019-11-24,"139,688",
2019-11-25,"139,589",
2019-11-26,"139,491",
2019-11-27,"139,589",
2019-11-28,"139,589",
2019-11-29,"139,589",
2019-11-30,"139,540",
2019-12-01,"139,639",
2019-12-02,"139,565",
2019-12-03,"139,516",
2019-12-04,"139,737",
2019-12-05,"139,712",
2019-12-06,"139,663",
2019-12-07,"139,663",
2019-12-08,"139,688",
2019-12-09,"139,712",
2019-12-10,"139,663",
2019-12-11,"139,639",
2019-12-12,"139,614",
2019-12-13,"139,614",
2019-12-14,"139,565",
2019-12-15,"139,466",
2019-12-16,"139,442",
2019-12-17,"139,393",
2019-12-18,"139,369",
2019-12-19,"139,345",
2019-12-20,"139,296",
2019-12-21,"139,320",
2019-12-22,"139,272",
2019-12-23,"139,565",
2019-12-24,"139,639",
2019-12-25,"139,614",
2019-12-26,"139,959",
2019-12-27,"139,959",
2019-12-28,"139,909",
2019-12-29,"139,909",
2019-12-30,"139,909",
2019-12-31,"139,885",
2020-01-01,"139,836",
2020-01-02,"139,786",
2020-01-03,"139,762",
2020-01-04,"139,762",
2020-01-05,"139,762",
2020-01-06,"139,737",
2020-01-07,"139,737",
2020-01-08,"139,712",
2020-01-09,"139,688",
2020-01-10,"139,639",
2020-01-14,"139,540",
2020-01-15,"139,516",
2020-01-16,"139,491",
2020-01-17,"139,565",
2020-01-18,"139,540",
2020-01-19,"139,516",
2020-01-20,"139,516",
2020-01-21,"139,491",
2020-01-22,"139,466",
2020-01-23,"139,442",
2020-01-24,"139,418",
2020-01-25,"139,393",
2020-01-26,"139,393",
2020-01-27,"139,369",
2020-01-28,"139,296",
2020-01-29,"139,247",
2020-01-30,"139,223",
2020-01-31,"139,199",
2020-02-01,"139,174",
2020-02-02,"139,150",
2020-02-03,"139,053",
2020-02-04,"138,980",
2020-02-05,"138,931",
2020-02-06,"138,883",
2020-02-07,"138,834",
2020-02-08,"138,785",
2020-02-09,"138,761",
2020-02-10,"138,712",
2020-02-11,"138,664",
2020-02-12,"138,615",
2020-02-13,"138,542",
2020-02-14,"138,494",
2020-02-15,"138,445",
2020-02-16,"138,396",
2020-02-17,"138,348",
2020-02-18,"138,275",
2020-02-19,"138,250",
2020-02-20,"138,202",
2020-02-21,"138,129",
2020-02-22,"138,080",
2020-02-23,"138,007",
2020-02-24,"137,934",
2020-02-25,"137,886",
2020-02-26,"137,837",
2020-02-27,"137,764",
2020-02-28,"137,715",
2020-02-29,"137,667",
2020-03-01,"137,594",
2020-03-02,"137,545",
2020-03-03,"137,472",
2020-03-04,"137,399",
2020-03-05,"137,375",
2020-03-06,"137,326",
2020-03-07,"137,302",
2020-03-08,"137,253",
2020-03-09,"137,180",
2020-03-10,"137,156",
2020-03-11,"137,691",
2020-03-12,"137,788",
2020-03-13,"137,813",
2020-03-14,"137,813",
2020-03-15,"137,813",
2020-03-16,"138,080",
2020-03-17,"139,540",
2020-03-18,"139,860",
2020-03-20,"140,057",
2020-03-21,"140,180",
2020-03-22,"140,303",
2020-03-23,"140,820",
2020-03-24,"141,510",
2020-03-25,"141,904",
2020-03-26,"142,153",
2020-03-27,"142,328",
2020-03-28,"142,478",
2020-03-29,"142,602",
2020-03-30,"142,727",
2020-03-31,"142,852",
2020-04-01,"142,927",
2020-04-02,"142,977",
2020-04-03,"143,002",
2020-04-04,"143,052",
2020-04-05,"143,126",
2020-04-06,"144,905",
2020-04-07,"148,237",
2020-04-08,"149,494",
2020-04-09,"150,481",
2020-04-10,"151,779",
2020-04-11,"152,880",
2020-04-12,"153,669",
2020-04-13,"154,301",
2020-04-14,"154,801",
2020-04-15,"155,228",
2020-04-16,"155,521",
2020-04-17,"155,814",
2020-04-18,"156,027",
2020-04-19,"156,214",
2020-04-20,"156,427",
2020-04-21,"156,561",
2020-04-22,"156,720",
2020-04-23,"156,774",
2020-04-24,"156,934",
2020-04-25,"156,960",
2020-04-26,"156,907",
2020-04-27,"156,827",
2020-04-28,"156,827",
2020-04-29,"156,800",
2020-04-30,"156,800",
2020-05-01,"156,747",
2020-05-03,"156,587",
2020-05-04,"156,561",
2020-05-05,"156,481",
2020-05-06,"156,401",
2020-05-07,"156,321",
2020-05-08,"156,241",
2020-05-09,"156,161",
2020-05-10,"156,107",
2020-05-11,"156,027",
2020-05-12,"155,921",
2020-05-13,"155,894",
2020-05-14,"155,787",
2020-05-15,"155,707",
2020-05-16,"155,627",
2020-05-17,"155,574",
2020-05-18,"155,521",
2020-05-19,"155,414",
2020-05-20,"155,334",
2020-05-21,"155,254",
2020-05-22,"155,201",
2020-05-23,"155,121",
2020-05-24,"155,041",
2020-05-25,"154,961",
2020-05-26,"154,908",
2020-05-27,"154,854",
2020-05-28,"154,774",
2020-05-29,"154,695",
2020-05-30,"154,616",
2020-05-31,"154,485",
2020-06-01,"154,406",
2020-06-02,"154,327",
2020-06-03,"154,274",
2020-06-04,"154,169",
2020-06-05,"154,090",
2020-06-06,"153,985",
2020-06-07,"153,853",
2020-06-08,"153,695",
2020-06-09,"153,590",
2020-06-10,"153,538",
2020-06-12,"153,248",
2020-06-13,"153,143",
2020-06-14,"153,038",
2020-06-15,"152,906",
2020-06-16,"152,801",
2020-06-17,"152,722",
2020-06-18,"152,617",
2020-06-19,"152,512",
2020-06-20,"152,406",
2020-06-21,"152,275",
2020-06-22,"152,170",
2020-06-23,"152,091",
2020-06-24,"151,987",
2020-06-25,"151,909",
2020-06-26,"151,831",
2020-06-27,"151,753",
2020-06-28,"151,675",
2020-06-29,"151,598",
2020-06-30,"151,494",
2020-07-01,"151,416",
2020-07-02,"151,364",
2020-07-03,"151,286",
2020-07-04,"151,260",
2020-07-05,"151,156",
2020-07-06,"151,078",
2020-07-07,"150,948",
2020-07-08,"150,818",
2020-07-09,"150,663",
2020-07-10,"150,559",
2020-07-11,"150,455",
2020-07-12,"150,325",
2020-07-13,"150,195",
2020-07-14,"150,065",
2020-07-15,"149,935",
2020-07-16,"149,806",
2020-07-17,"149,676",
2020-07-18,"149,546",
2020-07-19,"149,417",
2020-07-20,"149,289",
2020-07-21,"149,161",
2020-07-22,"149,032",
2020-07-23,"148,904",
2020-07-24,"148,801",
2020-07-25,"148,673",
2020-07-26,"148,545",
2020-07-27,"148,391",
2020-07-28,"148,314",
2020-07-29,"148,185",
2020-07-30,"148,083",
2020-07-31,"147,954",
2020-08-01,"147,826",
2020-08-05,"147,339",
2020-08-06,"147,210",
2020-08-07,"147,082",
2020-08-08,"146,928",
2020-08-09,"146,777",
2020-08-10,"146,650",
2020-08-11,"146,498",
2020-08-12,"146,347",
2020-08-13,"146,220",
2020-08-14,"146,119",
2020-08-15,"146,018",
2020-08-19,"145,537",
2020-08-20,"145,411",
2020-08-21,"145,234",
2020-08-22,"145,107",
2020-08-23,"144,955",
2020-08-24,"144,854",
2020-08-25,"144,728",
2020-08-26,"144,652",
2020-08-27,"144,525",
2020-08-28,"144,399",
2020-08-29,"144,249",
2020-08-31,"144,000",
2020-09-01,"143,800",
2020-09-02,"143,376",
2020-09-03,"142,977",
2020-09-04,"142,577",
2020-09-05,"142,178",
2020-09-06,"141,781",
2020-09-07,"141,411",
2020-09-08,"140,968",
2020-09-09,"140,550",
2020-09-10,"140,156",
2020-09-11,"139,786",
2020-09-12,"139,466",
2020-09-13,"139,223",
2020-09-14,"138,980",
2020-09-15,"138,737",
2020-09-16,"138,518",
2020-09-17,"138,275",
2020-09-18,"138,056",
2020-09-19,"137,837",
2020-09-20,"137,594",
2020-09-21,"137,326",
2020-09-22,"137,083",
2020-09-23,"136,866",
2020-09-24,"136,698",
2020-09-25,"136,482",
2020-09-26,"136,314",
2020-09-27,"136,122",
2020-09-28,"135,930",
2020-09-29,"135,738",
2020-09-30,"135,570",
2020-10-01,"135,402",
2020-10-02,"135,186",
2020-10-03,"135,017",
2020-10-04,"134,801",
2020-10-05,"134,633",
2020-10-06,"134,467",
2020-10-07,"134,253",
2020-10-08,"134,111",
2020-10-09,"133,945",
2020-10-10,"133,826",
2020-10-11,"133,636",
2020-10-12,"133,493",
2020-10-13,"133,327",
2020-10-14,"133,185",
2020-10-15,"133,042",
2020-10-16,"132,923",
2020-10-17,"132,710",
2020-10-18,"132,520",
2020-10-19,"132,330",
2020-10-20,"132,165",
2020-10-21,"131,977",
2020-10-22,"131,813",
2020-10-23,"131,625",
2020-10-24,"131,437",
2020-10-25,"131,273",
2020-10-26,"131,039",
2020-10-27,"130,875",
2020-10-28,"130,734",
2020-10-29,"130,546",
2020-10-30,"130,382",
2020-10-31,"130,218",
2020-11-01,"130,100",
2020-11-02,"129,960",
2020-11-03,"129,774",
2020-11-04,"129,658",
2020-11-05,"129,542",
2020-11-06,"129,404",
2020-11-07,"129,242",
2020-11-08,"129,149",
2020-11-09,"129,010",
2020-11-10,"128,894",
2020-11-11,"128,779",
2020-11-12,"128,709",
2020-11-13,"128,594",
2020-11-14,"128,501",
2020-11-15,"128,408",
2020-11-16,"128,339",
2020-11-17,"128,223",
2020-11-18,"128,038",
2020-11-19,"127,922",
2020-11-20,"127,807",
2020-11-21,"127,691",
2020-11-22,"127,553",
2020-11-23,"127,416",
2020-11-24,"127,279",
2020-11-25,"127,164",
2020-11-26,"127,050",
2020-11-27,"126,936",
2020-11-28,"126,867",
2020-11-29,"126,799",
2020-11-30,"126,708",
2020-12-01,"126,639",
2020-12-02,"126,525",
2020-12-03,"126,456",
2020-12-04,"126,365",
2020-12-05,"126,296",
2020-12-06,"126,228",
2020-12-07,"126,136",
2020-12-08,"126,045",
2020-12-09,"125,977",
2020-12-10,"125,862",
2020-12-11,"125,748",
2020-12-12,"125,657",
2020-12-13,"125,611",
2020-12-14,"125,474",
2020-12-15,"125,406",
2020-12-16,"125,360",
2020-12-17,"125,292",
2020-12-18,"125,178",
2020-12-19,"125,111",
2020-12-20,"125,020",
2020-12-21,"124,952",
2020-12-22,"124,817",
2020-12-23,"124,749",
2020-12-24,"124,636",
2020-12-25,"124,545",
2020-12-26,"124,455",
2020-12-27,"124,410",
2020-12-28,"124,545",
2020-12-29,"124,591",
2020-12-30,"124,545",
2020-12-31,"124,478",
2021-01-01,"124,432",
2021-01-02,"124,387",
2021-01-03,"124,387",
2021-01-04,"124,319",
2021-01-05,"124,297",
2021-01-06,"124,252",
2021-01-07,"124,206",
2021-01-08,"124,161",
2021-01-09,"124,093",
2021-01-10,"124,048",
2021-01-11,"124,025",
2021-01-12,"123,958",
2021-01-13,"123,890",
2021-01-14,"123,845",
2021-01-15,"123,777",
2021-01-16,"123,709",
2021-01-17,"123,618",
2021-01-18,"123,551",
2021-01-19,"123,460",
2021-01-20,"123,347",
2021-01-21,"123,257",
2021-01-22,"123,166",
2021-01-23,"123,121",
2021-01-24,"123,076",
2021-01-25,"122,986",
2021-01-26,"122,941",
2021-01-27,"123,053",
2021-01-28,"123,528",
2021-01-29,"124,432",
2021-01-30,"124,545",
2021-01-31,"124,545",
2021-02-01,"124,523",
2021-02-02,"124,478",
2021-02-03,"124,432",
2021-02-04,"124,365",
2021-02-05,"124,319",
2021-02-06,"124,274",
2021-02-07,"124,252",
2021-02-08,"124,184",
2021-02-09,"124,138",
2021-02-10,"124,048",
2021-02-11,"124,048",
2021-02-12,"123,935",
2021-02-13,"123,912",
2021-02-14,"123,822",
2021-02-15,"123,799",
2021-02-16,"123,686",
2021-02-17,"123,596",
2021-02-18,"123,505",
2021-02-19,"123,415",
2021-02-20,"123,279",
2021-02-21,"123,166",
2021-02-22,"123,099",
2021-02-23,"123,031",
2021-02-24,"122,919",
2021-02-25,"122,807",
2021-02-26,"122,696",
2021-02-27,"122,606",
2021-02-28,"122,472",
2021-03-01,"122,383",
2021-03-02,"122,226",
2021-03-03,"122,137",
2021-03-04,"122,025",
2021-03-05,"121,935",
2021-03-06,"121,824",
2021-03-07,"121,734",
2021-03-08,"121,645",
2021-03-09,"121,578",
2021-03-10,"121,555",
2021-03-11,"121,555",
2021-03-12,"121,510",
2021-03-13,"121,443",
2021-03-14,"121,399",
2021-03-15,"121,354",
2021-03-16,"121,287",
2021-03-17,"121,220",
2021-03-18,"121,175",
2021-03-19,"121,108",
2021-03-20,"121,041",
2021-03-21,"120,974",
2021-03-22,"120,884",
2021-03-23,"120,773",
2021-03-24,"120,707",
2021-03-25,"120,618",
2021-03-26,"120,486",
2021-03-27,"120,375",
2021-03-28,"120,287",
2021-03-29,"120,176",
2021-03-30,"120,044",
2021-03-31,"119,955",
2021-04-01,"119,845",
2021-04-02,"119,690",
2021-04-03,"119,579",
2021-04-04,"119,447",
2021-04-05,"119,336",
2021-04-06,"119,225",
2021-04-07,"119,093",
2021-04-08,"119,004",
2021-04-09,"118,894",
2021-04-10,"118,761",
2021-04-11,"118,673",
2021-04-12,"118,563",
2021-04-13,"118,453",
2021-04-14,"118,366",
2021-04-15,"118,235",
2021-04-16,"118,147",
2021-04-17,"118,038",
2021-04-18,"117,929",
2021-04-19,"117,820",
2021-04-20,"117,710",
2021-04-21,"117,601",
2021-04-22,"117,470",
2021-04-23,"117,339",
2021-04-24,"117,230",
2021-04-25,"117,098",
2021-04-26,"116,989",
2021-04-27,"116,880",
2021-04-28,"116,749",
2021-04-29,"116,661",
2021-04-30,"116,530",
2021-05-01,"116,399",
2021-05-02,"116,291",
2021-05-03,"116,140",
2021-05-04,"116,032",
2021-05-05,"115,924",
2021-05-06,"115,795",
2021-05-07,"115,687",
2021-05-08,"115,536",
2021-05-09,"115,406",
2021-05-10,"115,298",
2021-05-11,"115,169",
2021-05-12,"115,061",
2021-05-13,"114,996",
2021-05-14,"114,866",
2021-05-15,"114,737",
2021-05-16,"114,607",
2021-05-17,"114,478",
2021-05-18,"114,391",
2021-05-19,"114,305",
2021-05-20,"114,198",
2021-05-21,"114,048",
2021-05-22,"113,899",
2021-05-23,"113,792",
2021-05-24,"113,664",
2021-05-25,"113,557",
2021-05-26,"113,408",
2021-05-27,"113,301",
2021-05-28,"113,195",
2021-05-29,"113,067",
2021-05-30,"112,960",
2021-05-31,"112,810",
2021-06-01,"112,704",
2021-06-02,"112,597",
2021-06-03,"112,448",
2021-06-04,"112,341",
2021-06-05,"112,191",
2021-06-06,"112,064",
2021-06-07,"111,959",
2021-06-08,"111,811",
2021-06-09,"111,664",
2021-06-10,"111,517",
2021-06-11,"111,369",
2021-06-12,"111,264",
2021-06-13,"111,137",
2021-06-14,"110,990",
2021-06-15,"110,885",
2021-06-16,"110,758",
2021-06-17,"110,632",
2021-06-18,"110,506",
2021-06-19,"110,358",
2021-06-20,"110,232",
2021-06-21,"110,084",
2021-06-22,"109,979",
2021-06-23,"109,855",
2021-06-24,"109,730",
2021-06-25,"109,626",
2021-06-26,"109,501",
2021-06-27,"109,376",
2021-06-28,"109,273",
2021-06-29,"109,169",
2021-06-30,"109,023",
2021-07-01,"108,898",
2021-07-02,"108,773",
2021-07-03,"108,607",
2021-07-04,"108,462",
2021-07-05,"108,295",
2021-07-06,"108,170",
2021-07-07,"108,025",
2021-07-08,"107,901",
2021-07-09,"107,778",
2021-07-10,"107,654",
2021-07-11,"107,511",
2021-07-12,"107,367",
2021-07-13,"107,264",
2021-07-14,"107,141",
2021-07-15,"107,018",
2021-07-16,"106,875",
2021-07-17,"106,731",
2021-07-18,"106,608",
2021-07-19,"106,485",
2021-07-20,"106,341",
2021-07-21,"106,218",
2021-07-22,"106,074",
2021-07-23,"105,930",
2021-07-24,"105,788",
2021-07-25,"105,666",
2021-07-26,"105,524",
2021-07-27,"105,423",
2021-07-28,"105,281",
2021-07-29,"105,139",
2021-07-30,"104,997",
2021-07-31,"104,875",
2021-08-01,"104,733",
2021-08-02,"104,612",
2021-08-03,"104,429",
2021-08-04,"104,267",
2021-08-05,"104,064",
2021-08-06,"103,781",
2021-08-07,"103,501",
2021-08-08,"103,200",
2021-08-09,"102,939",
2021-08-10,"102,658",
2021-08-11,"102,358",
2021-08-12,"102,097",
2021-08-13,"101,837",
2021-08-14,"101,658",
2021-08-15,"101,460",
2021-08-16,"101,242",
2021-08-17,"101,064",
2021-08-18,"100,906",
2021-08-19,"100,747",
2021-08-20,"100,648",
2021-08-21,"100,530",
2021-08-22,"100,371",
2021-08-23,"100,272",
2021-08-24,"100,173",
2021-08-25,"100,054",
2021-08-26,"99,955",
2021-08-27,"99,837",
2021-08-28,"99,720",
2021-08-29,"99,602",
2021-08-30,"99,485",
2021-08-31,"99,387",
2021-09-01,"99,289",
2021-09-02,"99,152",
2021-09-03,"99,015",
2021-09-04,"98,917",
2021-09-05,"98,780",
2021-09-06,"98,663",
2021-09-07,"98,545",
2021-09-08,"98,448",
2021-09-09,"98,350",
2021-09-10,"98,232",
2021-09-11,"98,095",
2021-09-12,"97,978",
2021-09-13,"97,861",
2021-09-16,"97,475",
2021-09-17,"97,320",
2021-09-18,"97,204",
2021-09-19,"97,069",
2021-09-20,"96,953",
2021-09-21,"96,837",
2021-09-22,"96,721",
2021-09-23,"96,605",
2021-09-24,"96,489",
2021-09-25,"96,354",
2021-09-26,"96,219",
2021-09-27,"96,103",
2021-09-28,"95,987",
2021-09-29,"95,853",
2021-09-30,"95,720",
2021-10-01,"95,586",
2021-10-02,"95,414",
2021-10-03,"95,300",
2021-10-04,"95,204",
2021-10-05,"95,071",
2021-10-06,"94,956",
2021-10-07,"94,880",
2021-10-08,"94,804",
2021-10-09,"94,727",
2021-10-10,"94,670",
2021-10-11,"94,594",
2021-10-12,"94,441",
2021-10-13,"94,345",
2021-10-14,"94,288",
2021-10-15,"94,212",
2021-10-16,"94,155",
2021-10-17,"94,059",
2021-10-18,"93,984",
2021-10-19,"93,890",
2021-10-20,"93,796",
2021-10-21,"93,721",
2021-10-22,"93,665",
2021-10-23,"93,590",
2021-10-24,"93,514",
2021-10-25,"93,608",
2021-10-26,"93,665",
2021-10-27,"93,627",
2021-10-28,"93,627",
2021-10-29,"93,608",
2021-10-30,"93,552",
2021-10-31,"93,533",
2021-11-01,"93,496",
2021-11-02,"93,439",
2021-11-03,"93,402",
2021-11-04,"93,345",
2021-11-05,"93,289",
2021-11-06,"93,232",
2021-11-07,"93,176",
2021-11-08,"93,120",
2021-11-09,"93,044",
2021-11-10,"93,026",
2021-11-11,"92,969",
2021-11-12,"92,932",
2021-11-13,"92,838",
2021-11-14,"92,744",
2021-11-15,"92,687",
2021-11-16,"92,650",
2021-11-17,"92,612",
2021-11-18,"92,574",
2021-11-19,"92,537",
2021-11-20,"92,499",
2021-11-21,"92,499",
2021-11-22,"92,443",
2021-11-23,"92,424",
2021-11-24,"92,330",
2021-11-25,"92,274",
2021-11-26,"92,236",
2021-11-27,"92,198",
2021-11-28,"92,124",
2021-11-29,"92,087",
2021-11-30,"92,050",
2021-12-01,"92,013",
2021-12-02,"91,976",
2021-12-03,"91,939",
2021-12-04,"91,902",
2021-12-05,"91,846",
2021-12-06,"91,809",
2021-12-07,"91,790",
2021-12-08,"91,753",
2021-12-09,"91,697",
2021-12-10,"91,623",
2021-12-11,"91,586",
2021-12-12,"91,531",
2021-12-13,"91,493",
2021-12-14,"92,106",
2021-12-15,"92,161",
2021-12-16,"92,143",
2021-12-17,"92,124",
2021-12-18,"92,087",
2021-12-19,"92,069",
2021-12-20,"92,031",
2021-12-22,"91,976",
2021-12-23,"92,069",
2021-12-24,"92,556",
2021-12-25,"92,687",
2021-12-26,"92,894",
2021-12-27,"93,026",
2021-12-28,"93,138",
2021-12-29,"93,214",
2021-12-30,"93,251",
2021-12-31,"93,345",
2022-01-01,"93,345",
2022-01-02,"93,364",
2022-01-05,"93,420",
2022-01-06,"93,439",
2022-01-07,"93,458",
2022-01-08,"93,420",
2022-01-09,"93,402",
2022-01-10,"93,402",
2022-01-11,"93,420",
2022-01-12,"93,402",
2022-01-13,"93,402",
2022-01-14,"93,402",
2022-01-15,"93,364",
2022-01-16,"93,383",
2022-01-17,"93,383",
2022-01-18,"93,420",
2022-01-19,"93,420",
2022-01-20,"93,402",
2022-01-21,"93,383",
2022-01-22,"93,345",
2022-01-23,"93,326",
2022-01-24,"93,326",
2022-01-25,"93,289",
2022-01-26,"93,251",
2022-01-27,"93,214",
2022-01-28,"93,195",
2022-01-29,"93,157",
2022-01-30,"93,138",
2022-01-31,"93,101",
2022-02-01,"93,063",
