DATE,STORAGE
2016-10-01,"966,135"
2016-10-02,"964,308"
2016-10-03,"963,960"
2016-10-04,"963,440"
2016-10-05,"962,662"
2016-10-06,"961,884"
2016-10-07,"961,365"
2016-10-08,"960,760"
2016-10-09,"959,549"
2016-10-10,"957,474"
2016-10-11,"956,523"
2016-10-12,"955,659"
2016-10-13,"955,399"
2016-10-14,"956,783"
2016-10-15,"959,463"
2016-10-16,"961,711"
2016-10-17,"963,354"
2016-10-18,"964,308"
2016-10-19,"964,656"
2016-10-20,"965,265"
2016-10-21,"965,439"
2016-10-22,"965,526"
2016-10-23,"965,178"
2016-10-24,"966,396"
2016-10-25,"968,744"
2016-10-26,"975,461"
2016-10-27,"982,735"
2016-10-28,"987,666"
2016-10-29,"996,600"
2016-10-30,"1,018,683"
2016-10-31,"1,030,531"
2016-11-01,"1,037,993"
2016-11-02,"1,043,108"
2016-11-03,"1,046,502"
2016-11-04,"1,049,627"
2016-11-05,"1,052,016"
2016-11-06,"1,055,801"
2016-11-07,"1,058,483"
2016-11-08,"1,060,333"
2016-11-09,"1,062,183"
2016-11-10,"1,063,577"
2016-11-11,"1,064,694"
2016-11-12,"1,066,556"
2016-11-13,"1,067,766"
2016-11-14,"1,069,069"
2016-11-15,"1,070,745"
2016-11-16,"1,071,676"
2016-11-17,"1,072,237"
2016-11-18,"1,073,081"
2016-11-19,"1,076,079"
2016-11-20,"1,078,889"
2016-11-21,"1,081,515"
2016-11-22,"1,084,250"
2016-11-23,"1,087,455"
2016-11-24,"1,088,870"
2016-11-25,"1,091,231"
2016-11-26,"1,094,932"
2016-11-27,"1,097,779"
2016-11-28,"1,100,535"
2016-11-29,"1,102,158"
2016-11-30,"1,104,164"
2016-12-01,"1,105,787"
2016-12-02,"1,107,315"
2016-12-03,"1,109,034"
2016-12-04,"1,110,184"
2016-12-05,"1,111,337"
2016-12-06,"1,112,779"
2016-12-07,"1,113,932"
2016-12-08,"1,115,277"
2016-12-09,"1,117,584"
2016-12-10,"1,126,569"
2016-12-11,"1,132,005"
2016-12-12,"1,136,092"
2016-12-13,"1,140,190"
2016-12-14,"1,150,784"
2016-12-15,"1,192,888"
2016-12-16,"1,210,168"
2016-12-17,"1,219,804"
2016-12-18,"1,226,504"
2016-12-19,"1,231,986"
2016-12-20,"1,235,824"
2016-12-21,"1,239,248"
2016-12-22,"1,241,752"
2016-12-23,"1,245,721"
2016-12-24,"1,248,332"
2016-12-25,"1,251,160"
2016-12-26,"1,253,369"
2016-12-27,"1,255,367"
2016-12-28,"1,256,734"
2016-12-29,"1,258,206"
2016-12-30,"1,259,784"
2016-12-31,"1,261,474"
2017-01-01,"1,262,957"
2017-01-02,"1,264,863"
2017-01-03,"1,267,087"
2017-01-04,"1,268,464"
2017-01-05,"1,269,735"
2017-01-06,"1,270,582"
2017-01-07,"1,273,246"
2017-01-08,"1,296,739"
2017-01-09,"1,320,592"
2017-01-10,"1,337,690"
2017-01-11,"1,350,499"
2017-01-12,"1,361,822"
2017-01-13,"1,368,577"
2017-01-14,"1,373,667"
2017-01-15,"1,378,197"
2017-01-16,"1,382,623"
2017-01-17,"1,386,724"
2017-01-18,"1,394,712"
2017-01-19,"1,401,357"
2017-01-20,"1,409,987"
2017-01-21,"1,417,839"
2017-01-22,"1,426,533"
2017-01-23,"1,433,410"
2017-01-24,"1,438,191"
2017-01-25,"1,442,176"
2017-01-26,"1,445,460"
2017-01-27,"1,448,861"
2017-01-28,"1,451,684"
2017-01-29,"1,455,104"
2017-01-30,"1,457,700"
2017-01-31,"1,460,766"
2017-02-01,"1,463,487"
2017-02-02,"1,467,401"
2017-02-03,"1,477,620"
2017-02-04,"1,492,318"
2017-02-05,"1,505,179"
2017-02-06,"1,523,810"
2017-02-07,"1,547,863"
2017-02-08,"1,572,780"
2017-02-09,"1,651,671"
2017-02-10,"1,693,778"
2017-02-11,"1,715,885"
2017-02-12,"1,731,296"
2017-02-13,"1,743,072"
2017-02-14,"1,753,429"
2017-02-15,"1,762,490"
2017-02-16,"1,780,832"
2017-02-17,"1,796,316"
2017-02-18,"1,809,572"
2017-02-19,"1,823,840"
2017-02-20,"1,842,827"
2017-02-21,"1,863,879"
2017-02-22,"1,877,589"
2017-02-23,"1,888,018"
2017-02-24,"1,896,681"
2017-02-25,"1,904,102"
2017-02-26,"1,910,423"
2017-02-27,"1,916,611"
2017-02-28,"1,921,976"
2017-03-01,"1,926,777"
2017-03-02,"1,931,022"
2017-03-03,"1,935,280"
2017-03-04,"1,939,680"
2017-03-05,"1,944,226"
2017-03-06,"1,948,364"
2017-03-07,"1,952,644"
2017-03-08,"1,954,071"
2017-03-09,"1,956,497"
2017-03-10,"1,959,072"
2017-03-11,"1,962,084"
2017-03-12,"1,965,526"
2017-03-13,"1,968,968"
2017-03-14,"1,974,863"
2017-03-15,"1,983,224"
2017-03-16,"1,992,914"
2017-03-17,"2,000,301"
2017-03-18,"2,013,677"
2017-03-19,"2,031,782"
2017-03-20,"2,047,039"
2017-03-21,"2,071,967"
2017-03-22,"2,089,768"
2017-03-23,"2,101,985"
2017-03-24,"2,115,290"
2017-03-25,"2,125,037"
2017-03-26,"2,134,501"
2017-03-27,"2,142,039"
2017-03-28,"2,148,822"
2017-03-29,"2,157,597"
2017-03-30,"2,168,049"
2017-03-31,"2,176,855"
2017-04-01,"2,185,683"
2017-04-02,"2,195,437"
2017-04-03,"2,205,070"
2017-04-04,"2,213,646"
2017-04-05,"2,222,085"
2017-04-06,"2,233,777"
2017-04-07,"2,245,651"
2017-04-08,"2,254,613"
2017-04-09,"2,261,276"
2017-04-10,"2,267,013"
2017-04-11,"2,274,155"
2017-04-12,"2,283,024"
2017-04-13,"2,292,386"
2017-04-14,"2,299,421"
2017-04-15,"2,305,849"
2017-04-16,"2,311,826"
2017-04-17,"2,317,645"
2017-04-18,"2,324,759"
2017-04-19,"2,332,670"
2017-04-20,"2,340,936"
2017-04-21,"2,349,690"
2017-04-22,"2,357,372"
2017-04-23,"2,361,214"
2017-04-24,"2,364,416"
2017-04-25,"2,359,613"
2017-04-26,"2,346,984"
2017-04-27,"2,334,411"
2017-04-28,"2,320,171"
2017-04-29,"2,308,208"
2017-04-30,"2,301,922"
2017-05-01,"2,300,828"
2017-05-02,"2,308,523"
2017-05-03,"2,321,437"
2017-05-04,"2,335,366"
2017-05-05,"2,351,608"
2017-05-06,"2,361,854"
2017-05-07,"2,364,096"
2017-05-08,"2,365,697"
2017-05-09,"2,367,304"
2017-05-10,"2,365,697"
2017-05-11,"2,362,975"
2017-05-12,"2,357,211"
2017-05-13,"2,349,212"
2017-05-14,"2,340,618"
2017-05-15,"2,332,828"
2017-05-16,"2,325,076"
2017-05-17,"2,316,858"
2017-05-18,"2,309,938"
2017-05-19,"2,303,019"
2017-05-20,"2,298,952"
2017-05-21,"2,296,450"
2017-05-22,"2,295,669"
2017-05-23,"2,296,294"
2017-05-24,"2,298,952"
2017-05-25,"2,298,796"
2017-05-26,"2,297,545"
2017-05-27,"2,295,512"
2017-05-28,"2,293,949"
2017-05-29,"2,292,698"
2017-05-30,"2,289,571"
2017-05-31,"2,286,603"
2017-06-01,"2,284,892"
2017-06-02,"2,281,002"
2017-06-03,"2,279,757"
2017-06-04,"2,276,489"
2017-06-05,"2,271,977"
2017-06-06,"2,267,634"
2017-06-07,"2,264,532"
2017-06-08,"2,264,687"
2017-06-09,"2,261,121"
2017-06-10,"2,255,386"
2017-06-11,"2,249,823"
2017-06-12,"2,244,260"
2017-06-13,"2,239,012"
2017-06-14,"2,233,623"
2017-06-15,"2,229,157"
2017-06-16,"2,226,078"
2017-06-17,"2,223,620"
2017-06-18,"2,220,704"
2017-06-19,"2,217,789"
2017-06-20,"2,214,567"
2017-06-21,"2,211,651"
2017-06-22,"2,207,058"
2017-06-23,"2,203,235"
2017-06-24,"2,198,190"
2017-06-25,"2,193,758"
2017-06-26,"2,188,730"
2017-06-27,"2,183,550"
2017-06-28,"2,178,373"
2017-06-29,"2,172,908"
2017-06-30,"2,167,138"
2017-07-01,"2,161,833"
2017-07-02,"2,157,445"
2017-07-03,"2,152,301"
2017-07-04,"2,146,712"
2017-07-05,"2,140,833"
2017-07-06,"2,134,953"
2017-07-07,"2,130,594"
2017-07-08,"2,125,788"
2017-07-09,"2,121,133"
2017-07-10,"2,116,188"
2017-07-11,"2,111,401"
2017-07-12,"2,106,016"
2017-07-13,"2,100,793"
2017-07-14,"2,094,685"
2017-07-15,"2,089,023"
2017-07-16,"2,083,087"
2017-07-17,"2,077,597"
2017-07-18,"2,070,489"
2017-07-19,"2,063,986"
2017-07-20,"2,059,995"
2017-07-21,"2,055,430"
2017-07-22,"2,051,308"
2017-07-23,"2,047,334"
2017-07-24,"2,042,925"
2017-07-25,"2,039,113"
2017-07-26,"2,034,861"
2017-07-27,"2,030,170"
2017-07-28,"2,025,789"
2017-07-29,"2,022,138"
2017-07-30,"2,018,634"
2017-07-31,"2,014,840"
2017-08-01,"2,011,350"
2017-08-02,"2,008,006"
2017-08-03,"2,004,079"
2017-08-04,"1,999,287"
2017-08-05,"1,995,811"
2017-08-06,"1,991,465"
2017-08-07,"1,987,265"
2017-08-08,"1,983,080"
2017-08-09,"1,979,188"
2017-08-10,"1,975,872"
2017-08-11,"1,971,837"
2017-08-12,"1,967,677"
2017-08-13,"1,963,375"
2017-08-14,"1,960,076"
2017-08-15,"1,956,497"
2017-08-16,"1,953,072"
2017-08-17,"1,949,505"
2017-08-18,"1,945,796"
2017-08-19,"1,942,093"
2017-08-20,"1,938,402"
2017-08-21,"1,930,880"
2017-08-22,"1,924,377"
2017-08-23,"1,919,011"
2017-08-24,"1,913,092"
2017-08-25,"1,908,878"
2017-08-26,"1,905,647"
2017-08-27,"1,902,417"
2017-08-28,"1,899,475"
2017-08-29,"1,895,842"
2017-08-30,"1,891,232"
2017-08-31,"1,887,319"
2017-09-01,"1,883,843"
2017-09-02,"1,880,508"
2017-09-03,"1,876,755"
2017-09-04,"1,873,698"
2017-09-05,"1,870,515"
2017-09-06,"1,866,783"
2017-09-07,"1,863,050"
2017-09-08,"1,859,042"
2017-09-09,"1,855,329"
2017-09-10,"1,852,028"
2017-09-11,"1,848,865"
2017-09-12,"1,845,702"
2017-09-13,"1,842,143"
2017-09-14,"1,837,216"
2017-09-15,"1,833,111"
2017-09-16,"1,829,290"
2017-09-17,"1,825,203"
2017-09-18,"1,820,707"
2017-09-19,"1,816,898"
2017-09-20,"1,814,185"
2017-09-21,"1,811,743"
2017-09-22,"1,809,979"
2017-09-23,"1,807,266"
2017-09-24,"1,804,960"
2017-09-25,"1,802,933"
2017-09-26,"1,800,638"
2017-09-27,"1,798,612"
2017-09-28,"1,796,316"
2017-09-29,"1,793,615"
2017-09-30,"1,791,050"
2017-10-01,"1,788,361"
2017-10-02,"1,785,538"
2017-10-03,"1,783,252"
2017-10-04,"1,781,504"
2017-10-05,"1,779,488"
2017-10-06,"1,777,874"
2017-10-07,"1,776,000"
2017-10-08,"1,774,126"
2017-10-09,"1,771,851"
2017-10-10,"1,769,709"
2017-10-11,"1,768,504"
2017-10-12,"1,767,300"
2017-10-13,"1,766,630"
2017-10-14,"1,765,560"
2017-10-15,"1,764,757"
2017-10-16,"1,763,822"
2017-10-17,"1,763,023"
2017-10-18,"1,762,490"
2017-10-19,"1,761,424"
2017-10-20,"1,760,491"
2017-10-21,"1,759,292"
2017-10-22,"1,758,892"
2017-10-23,"1,759,292"
2017-10-24,"1,759,025"
2017-10-25,"1,758,892"
2017-10-26,"1,757,826"
2017-10-27,"1,757,027"
2017-10-28,"1,756,094"
2017-10-29,"1,755,694"
2017-10-30,"1,754,495"
2017-10-31,"1,753,163"
2017-11-01,"1,752,097"
2017-11-02,"1,750,898"
2017-11-03,"1,749,439"
2017-11-04,"1,747,980"
2017-11-05,"1,746,654"
2017-11-06,"1,745,592"
2017-11-07,"1,744,796"
2017-11-08,"1,745,062"
2017-11-09,"1,745,725"
2017-11-10,"1,746,123"
2017-11-11,"1,745,858"
2017-11-12,"1,745,460"
2017-11-13,"1,746,521"
2017-11-14,"1,746,919"
2017-11-15,"1,748,245"
2017-11-16,"1,748,909"
2017-11-17,"1,748,511"
2017-11-18,"1,747,847"
2017-11-19,"1,747,980"
2017-11-20,"1,752,097"
2017-11-21,"1,754,495"
2017-11-22,"1,755,561"
2017-11-23,"1,756,227"
2017-11-24,"1,757,693"
2017-11-25,"1,758,626"
2017-11-26,"1,762,756"
2017-11-27,"1,765,560"
2017-11-28,"1,766,630"
2017-11-29,"1,766,630"
2017-11-30,"1,766,764"
2017-12-01,"1,766,764"
2017-12-02,"1,766,497"
2017-12-03,"1,766,630"
2017-12-04,"1,766,630"
2017-12-05,"1,766,497"
2017-12-06,"1,765,961"
2017-12-07,"1,765,292"
2017-12-08,"1,764,623"
2017-12-09,"1,763,955"
2017-12-10,"1,763,822"
2017-12-11,"1,763,289"
2017-12-12,"1,762,889"
2017-12-13,"1,761,957"
2017-12-14,"1,761,424"
2017-12-15,"1,760,624"
2017-12-16,"1,759,558"
2017-12-17,"1,758,226"
2017-12-18,"1,756,760"
2017-12-19,"1,754,762"
2017-12-20,"1,754,495"
2017-12-21,"1,753,296"
2017-12-22,"1,752,763"
2017-12-23,"1,752,230"
2017-12-24,"1,751,697"
2017-12-25,"1,751,297"
2017-12-26,"1,750,766"
2017-12-27,"1,750,368"
2017-12-28,"1,749,572"
2017-12-29,"1,748,643"
2017-12-30,"1,747,847"
2017-12-31,"1,747,317"
2018-01-01,"1,747,052"
2018-01-02,"1,746,388"
2018-01-03,"1,745,858"
2018-01-04,"1,745,592"
2018-01-05,"1,747,715"
2018-01-06,"1,748,776"
2018-01-07,"1,748,909"
2018-01-08,"1,752,763"
2018-01-09,"1,754,362"
2018-01-10,"1,755,161"
2018-01-11,"1,756,094"
2018-01-12,"1,756,494"
2018-01-13,"1,756,494"
2018-01-14,"1,756,627"
2018-01-15,"1,757,160"
2018-01-16,"1,758,226"
2018-01-17,"1,758,359"
2018-01-18,"1,760,091"
2018-01-19,"1,761,957"
2018-01-20,"1,762,889"
2018-01-21,"1,762,889"
2018-01-22,"1,765,560"
2018-01-23,"1,766,764"
2018-01-24,"1,768,772"
2018-01-25,"1,770,244"
2018-01-26,"1,770,914"
2018-01-27,"1,771,984"
2018-01-28,"1,773,055"
2018-01-29,"1,774,394"
2018-01-30,"1,775,465"
2018-01-31,"1,775,598"
2018-02-01,"1,776,669"
2018-02-02,"1,777,472"
2018-02-03,"1,778,816"
2018-02-04,"1,780,563"
2018-02-05,"1,782,177"
2018-02-06,"1,783,252"
2018-02-07,"1,784,865"
2018-02-08,"1,785,269"
2018-02-09,"1,785,806"
2018-02-10,"1,786,075"
2018-02-11,"1,785,806"
2018-02-12,"1,786,479"
2018-02-13,"1,787,151"
2018-02-14,"1,787,554"
2018-02-15,"1,787,823"
2018-02-16,"1,787,957"
2018-02-17,"1,787,689"
2018-02-18,"1,788,092"
2018-02-19,"1,787,957"
2018-02-20,"1,787,957"
2018-02-21,"1,787,554"
2018-02-22,"1,787,689"
2018-02-23,"1,787,420"
2018-02-24,"1,786,882"
2018-02-25,"1,785,269"
2018-02-26,"1,785,806"
2018-02-27,"1,785,672"
2018-02-28,"1,786,613"
2018-03-01,"1,787,823"
2018-03-02,"1,787,823"
2018-03-03,"1,787,957"
2018-03-04,"1,788,361"
2018-03-05,"1,788,092"
2018-03-06,"1,788,630"
2018-03-07,"1,789,167"
2018-03-08,"1,789,705"
2018-03-09,"1,790,915"
2018-03-10,"1,791,589"
2018-03-11,"1,792,264"
2018-03-12,"1,793,615"
2018-03-13,"1,800,638"
2018-03-14,"1,803,474"
2018-03-15,"1,807,538"
2018-03-16,"1,810,115"
2018-03-17,"1,811,743"
2018-03-18,"1,813,371"
2018-03-19,"1,815,270"
2018-03-20,"1,816,626"
2018-03-21,"1,818,935"
2018-03-22,"1,823,432"
2018-03-23,"1,826,702"
2018-03-24,"1,829,972"
2018-03-25,"1,832,426"
2018-03-26,"1,834,479"
2018-03-27,"1,836,806"
2018-03-28,"1,838,722"
2018-03-29,"1,840,911"
2018-03-30,"1,842,690"
2018-03-31,"1,844,469"
2018-04-01,"1,846,802"
2018-04-02,"1,849,827"
2018-04-03,"1,852,165"
2018-04-04,"1,855,329"
2018-04-05,"1,858,629"
2018-04-06,"1,868,442"
2018-04-07,"1,892,349"
2018-04-08,"1,902,417"
2018-04-09,"1,908,878"
2018-04-10,"1,915,340"
2018-04-11,"1,920,564"
2018-04-12,"1,925,224"
2018-04-13,"1,929,036"
2018-04-14,"1,932,867"
2018-04-15,"1,934,854"
2018-04-16,"1,935,706"
2018-04-17,"1,935,280"
2018-04-18,"1,934,570"
2018-04-19,"1,933,719"
2018-04-20,"1,933,009"
2018-04-21,"1,932,158"
2018-04-22,"1,931,590"
2018-04-23,"1,931,022"
2018-04-24,"1,931,448"
2018-04-25,"1,932,158"
2018-04-26,"1,932,441"
2018-04-27,"1,932,016"
2018-04-28,"1,931,448"
2018-04-29,"1,930,738"
2018-04-30,"1,930,312"
2018-05-01,"1,930,312"
2018-05-02,"1,929,319"
2018-05-03,"1,928,189"
2018-05-04,"1,928,047"
2018-05-05,"1,928,047"
2018-05-06,"1,927,342"
2018-05-07,"1,927,200"
2018-05-08,"1,926,777"
2018-05-09,"1,925,647"
2018-05-10,"1,924,518"
2018-05-11,"1,923,106"
2018-05-12,"1,921,553"
2018-05-13,"1,919,858"
2018-05-14,"1,918,164"
2018-05-15,"1,916,188"
2018-05-16,"1,915,058"
2018-05-17,"1,913,794"
2018-05-18,"1,912,108"
2018-05-19,"1,910,001"
2018-05-20,"1,907,754"
2018-05-21,"1,906,490"
2018-05-22,"1,904,664"
2018-05-23,"1,903,400"
2018-05-24,"1,901,995"
2018-05-25,"1,900,034"
2018-05-26,"1,898,357"
2018-05-27,"1,896,820"
2018-05-28,"1,895,144"
2018-05-29,"1,893,327"
2018-05-30,"1,890,393"
2018-05-31,"1,888,018"
2018-06-01,"1,886,623"
2018-06-02,"1,885,928"
2018-06-03,"1,884,121"
2018-06-04,"1,880,925"
2018-06-05,"1,878,701"
2018-06-06,"1,875,227"
2018-06-07,"1,872,589"
2018-06-08,"1,867,197"
2018-06-09,"1,861,391"
2018-06-10,"1,856,566"
2018-06-11,"1,852,716"
2018-06-12,"1,848,315"
2018-06-13,"1,843,922"
2018-06-14,"1,838,995"
2018-06-15,"1,834,205"
2018-06-16,"1,829,018"
2018-06-17,"1,824,658"
2018-06-18,"1,820,979"
2018-06-19,"1,816,898"
2018-06-20,"1,812,557"
2018-06-21,"1,808,080"
2018-06-22,"1,803,879"
2018-06-23,"1,799,152"
2018-06-24,"1,794,830"
2018-06-25,"1,790,646"
2018-06-26,"1,785,941"
2018-06-27,"1,780,967"
2018-06-28,"1,776,268"
2018-06-29,"1,771,717"
2018-06-30,"1,767,434"
2018-07-01,"1,763,422"
2018-07-02,"1,758,759"
2018-07-03,"1,753,296"
2018-07-04,"1,748,378"
2018-07-05,"1,743,337"
2018-07-06,"1,739,093"
2018-07-07,"1,734,729"
2018-07-08,"1,730,371"
2018-07-09,"1,725,353"
2018-07-10,"1,720,880"
2018-07-11,"1,716,805"
2018-07-12,"1,712,468"
2018-07-13,"1,708,800"
2018-07-14,"1,705,660"
2018-07-15,"1,701,343"
2018-07-16,"1,696,382"
2018-07-17,"1,692,347"
2018-07-18,"1,687,791"
2018-07-19,"1,683,505"
2018-07-20,"1,678,715"
2018-07-21,"1,673,665"
2018-07-22,"1,669,150"
2018-07-23,"1,665,027"
2018-07-24,"1,661,807"
2018-07-25,"1,658,463"
2018-07-26,"1,656,156"
2018-07-27,"1,652,696"
2018-07-28,"1,650,133"
2018-07-29,"1,648,339"
2018-07-30,"1,646,673"
2018-07-31,"1,644,506"
2018-08-01,"1,642,593"
2018-08-02,"1,640,171"
2018-08-03,"1,637,749"
2018-08-04,"1,635,581"
2018-08-05,"1,633,797"
2018-08-06,"1,631,768"
2018-08-07,"1,629,739"
2018-08-08,"1,626,948"
2018-08-09,"1,625,046"
2018-08-10,"1,623,524"
2018-08-11,"1,621,748"
2018-08-12,"1,619,853"
2018-08-13,"1,617,834"
2018-08-14,"1,615,563"
2018-08-15,"1,613,165"
2018-08-16,"1,609,885"
2018-08-17,"1,607,493"
2018-08-18,"1,603,854"
2018-08-19,"1,601,218"
2018-08-20,"1,598,959"
2018-08-21,"1,595,947"
2018-08-22,"1,592,326"
2018-08-23,"1,589,704"
2018-08-24,"1,587,332"
2018-08-25,"1,584,710"
2018-08-26,"1,582,468"
2018-08-27,"1,579,735"
2018-08-28,"1,577,251"
2018-08-29,"1,575,016"
2018-08-30,"1,572,407"
2018-08-31,"1,569,806"
2018-09-01,"1,567,087"
2018-09-02,"1,564,738"
2018-09-03,"1,562,884"
2018-09-04,"1,560,536"
2018-09-05,"1,557,822"
2018-09-06,"1,555,117"
2018-09-07,"1,552,781"
2018-09-08,"1,550,199"
2018-09-09,"1,547,371"
2018-09-10,"1,544,430"
2018-09-11,"1,540,883"
2018-09-12,"1,537,947"
2018-09-13,"1,535,011"
2018-09-14,"1,532,938"
2018-09-15,"1,530,382"
2018-09-16,"1,527,826"
2018-09-17,"1,525,757"
2018-09-18,"1,523,445"
2018-09-19,"1,520,895"
2018-09-20,"1,518,594"
2018-09-21,"1,516,657"
2018-09-22,"1,514,477"
2018-09-23,"1,512,419"
2018-09-24,"1,510,360"
2018-09-25,"1,508,311"
2018-09-26,"1,506,745"
2018-09-27,"1,505,299"
2018-09-28,"1,503,613"
2018-09-29,"1,501,203"
2018-09-30,"1,499,276"
2018-10-01,"1,497,472"
2018-10-02,"1,496,153"
2018-10-03,"1,494,955"
2018-10-04,"1,492,917"
2018-10-05,"1,491,000"
2018-10-06,"1,489,322"
2018-10-07,"1,487,884"
2018-10-08,"1,486,685"
2018-10-09,"1,485,251"
2018-10-10,"1,483,820"
2018-10-11,"1,483,224"
2018-10-12,"1,482,031"
2018-10-13,"1,481,435"
2018-10-14,"1,480,481"
2018-10-15,"1,479,289"
2018-10-16,"1,479,289"
2018-10-17,"1,479,051"
2018-10-18,"1,477,978"
2018-10-19,"1,477,501"
2018-10-20,"1,476,547"
2018-10-21,"1,475,355"
2018-10-22,"1,474,401"
2018-10-23,"1,472,738"
2018-10-24,"1,471,196"
2018-10-25,"1,471,196"
2018-10-26,"1,469,180"
2018-10-27,"1,468,231"
2018-10-28,"1,467,757"
2018-10-29,"1,466,926"
2018-10-30,"1,465,740"
2018-10-31,"1,464,554"
2018-11-01,"1,463,487"
2018-11-02,"1,461,710"
2018-11-03,"1,460,413"
2018-11-04,"1,458,879"
2018-11-05,"1,457,228"
2018-11-06,"1,456,166"
2018-11-07,"1,454,868"
2018-11-08,"1,453,689"
2018-11-09,"1,453,099"
2018-11-10,"1,452,391"
2018-11-11,"1,451,802"
2018-11-12,"1,451,094"
2018-11-13,"1,450,504"
2018-11-14,"1,449,330"
2018-11-15,"1,448,861"
2018-11-16,"1,447,571"
2018-11-17,"1,447,219"
2018-11-18,"1,446,633"
2018-11-19,"1,445,929"
2018-11-20,"1,445,343"
2018-11-21,"1,444,873"
2018-11-22,"1,445,108"
2018-11-23,"1,446,398"
2018-11-24,"1,445,812"
2018-11-25,"1,445,108"
2018-11-26,"1,444,052"
2018-11-27,"1,445,577"
2018-11-28,"1,446,281"
2018-11-29,"1,447,688"
2018-11-30,"1,450,034"
2018-12-01,"1,450,976"
2018-12-02,"1,451,212"
2018-12-03,"1,450,504"
2018-12-04,"1,450,151"
2018-12-05,"1,449,213"
2018-12-06,"1,448,509"
2018-12-07,"1,447,923"
2018-12-08,"1,447,219"
2018-12-09,"1,446,867"
2018-12-10,"1,448,157"
2018-12-11,"1,449,917"
2018-12-12,"1,449,565"
2018-12-13,"1,448,744"
2018-12-14,"1,447,923"
2018-12-15,"1,446,750"
2018-12-16,"1,450,151"
2018-12-17,"1,451,919"
2018-12-18,"1,453,925"
2018-12-19,"1,454,986"
2018-12-20,"1,455,930"
2018-12-21,"1,456,874"
2018-12-22,"1,457,228"
2018-12-23,"1,457,346"
2018-12-24,"1,459,115"
2018-12-25,"1,459,705"
2018-12-26,"1,459,941"
2018-12-27,"1,460,177"
2018-12-28,"1,460,413"
2018-12-29,"1,460,177"
2018-12-30,"1,459,941"
2018-12-31,"1,459,823"
2019-01-01,"1,459,233"
2019-01-02,"1,459,233"
2019-01-03,"1,458,643"
2019-01-04,"1,458,171"
2019-01-05,"1,458,407"
2019-01-06,"1,459,941"
2019-01-07,"1,460,413"
2019-01-08,"1,462,894"
2019-01-09,"1,473,094"
2019-01-10,"1,479,408"
2019-01-11,"1,483,104"
2019-01-12,"1,485,370"
2019-01-13,"1,487,284"
2019-01-14,"1,488,842"
2019-01-15,"1,491,359"
2019-01-16,"1,499,758"
2019-01-17,"1,513,872"
2019-01-18,"1,521,864"
2019-01-19,"1,531,599"
2019-01-20,"1,546,756"
2019-01-21,"1,555,732"
2019-01-22,"1,561,154"
2019-01-23,"1,565,356"
2019-01-24,"1,569,064"
2019-01-25,"1,571,910"
2019-01-26,"1,574,394"
2019-01-27,"1,576,879"
2019-01-28,"1,579,239"
2019-01-29,"1,581,847"
2019-01-30,"1,584,585"
2019-01-31,"1,586,957"
2019-02-01,"1,590,204"
2019-02-02,"1,598,206"
2019-02-03,"1,604,732"
2019-02-04,"1,609,759"
2019-02-05,"1,613,923"
2019-02-06,"1,617,329"
2019-02-07,"1,620,105"
2019-02-08,"1,622,256"
2019-02-09,"1,624,919"
2019-02-10,"1,626,822"
2019-02-11,"1,628,470"
2019-02-12,"1,631,641"
2019-02-13,"1,636,346"
2019-02-14,"1,645,908"
2019-02-15,"1,652,952"
2019-02-16,"1,657,950"
2019-02-17,"1,661,807"
2019-02-18,"1,665,027"
2019-02-19,"1,667,604"
2019-02-20,"1,670,309"
2019-02-21,"1,672,888"
2019-02-22,"1,674,701"
2019-02-23,"1,676,902"
2019-02-24,"1,679,880"
2019-02-25,"1,687,010"
2019-02-26,"1,703,174"
2019-02-27,"1,726,146"
2019-02-28,"1,738,960"
2019-03-01,"1,746,388"
2019-03-02,"1,753,563"
2019-03-03,"1,759,558"
2019-03-04,"1,765,292"
2019-03-05,"1,771,984"
2019-03-06,"1,783,118"
2019-03-07,"1,792,670"
2019-03-08,"1,799,962"
2019-03-09,"1,806,046"
2019-03-10,"1,810,793"
2019-03-11,"1,814,320"
2019-03-12,"1,817,576"
2019-03-13,"1,820,979"
2019-03-14,"1,824,113"
2019-03-15,"1,826,838"
2019-03-16,"1,829,972"
2019-03-17,"1,833,384"
2019-03-18,"1,837,627"
2019-03-19,"1,843,238"
2019-03-20,"1,852,028"
2019-03-21,"1,860,423"
2019-03-22,"1,868,442"
2019-03-23,"1,875,088"
2019-03-24,"1,881,203"
2019-03-25,"1,889,695"
2019-03-26,"1,897,100"
2019-03-27,"1,906,069"
2019-03-28,"1,913,513"
2019-03-29,"1,920,282"
2019-03-30,"1,926,636"
2019-03-31,"1,932,299"
2019-04-01,"1,938,970"
2019-04-02,"1,949,648"
2019-04-03,"1,960,363"
2019-04-04,"1,971,693"
2019-04-05,"1,988,713"
2019-04-06,"2,003,643"
2019-04-07,"2,021,554"
2019-04-08,"2,057,490"
2019-04-09,"2,085,610"
2019-04-10,"2,102,134"
2019-04-11,"2,114,692"
2019-04-12,"2,125,488"
2019-04-13,"2,135,556"
2019-04-14,"2,144,903"
2019-04-15,"2,149,276"
2019-04-16,"2,151,091"
2019-04-17,"2,144,451"
2019-04-18,"2,141,586"
2019-04-19,"2,145,807"
2019-04-20,"2,154,873"
2019-04-21,"2,163,194"
2019-04-22,"2,170,478"
2019-04-23,"2,181,417"
2019-04-24,"2,196,966"
2019-04-25,"2,212,879"
2019-04-26,"2,226,848"
2019-04-27,"2,238,550"
2019-04-28,"2,247,969"
2019-04-29,"2,245,651"
2019-04-30,"2,240,090"
2019-05-01,"2,241,634"
2019-05-02,"2,244,260"
2019-05-03,"2,246,578"
2019-05-04,"2,249,978"
2019-05-05,"2,255,386"
2019-05-06,"2,262,206"
2019-05-07,"2,269,804"
2019-05-08,"2,278,045"
2019-05-09,"2,285,203"
2019-05-10,"2,292,229"
2019-05-11,"2,299,108"
2019-05-12,"2,306,007"
2019-05-13,"2,312,769"
2019-05-14,"2,317,645"
2019-05-15,"2,329,980"
2019-05-16,"2,356,411"
2019-05-17,"2,365,377"
2019-05-18,"2,368,110"
2019-05-19,"2,363,776"
2019-05-20,"2,364,736"
2019-05-21,"2,367,143"
2019-05-22,"2,369,237"
2019-05-23,"2,373,102"
2019-05-24,"2,374,874"
2019-05-25,"2,376,967"
2019-05-26,"2,380,510"
2019-05-27,"2,384,388"
2019-05-28,"2,389,248"
2019-05-29,"2,393,945"
2019-05-30,"2,393,783"
2019-05-31,"2,393,459"
2019-06-01,"2,394,269"
2019-06-02,"2,395,889"
2019-06-03,"2,397,347"
2019-06-04,"2,397,671"
2019-06-05,"2,396,537"
2019-06-06,"2,392,001"
2019-06-07,"2,384,874"
2019-06-08,"2,378,900"
2019-06-09,"2,373,263"
2019-06-10,"2,369,398"
2019-06-11,"2,368,110"
2019-06-12,"2,365,056"
2019-06-13,"2,362,815"
2019-06-14,"2,363,776"
2019-06-15,"2,364,256"
2019-06-16,"2,363,936"
2019-06-17,"2,363,936"
2019-06-18,"2,362,175"
2019-06-19,"2,360,734"
2019-06-20,"2,358,172"
2019-06-21,"2,354,810"
2019-06-22,"2,351,128"
2019-06-23,"2,346,347"
2019-06-24,"2,341,891"
2019-06-25,"2,337,594"
2019-06-26,"2,331,088"
2019-06-27,"2,326,500"
2019-06-28,"2,322,228"
2019-06-29,"2,318,274"
2019-06-30,"2,314,185"
2019-07-01,"2,309,781"
2019-07-02,"2,306,164"
2019-07-03,"2,302,548"
2019-07-04,"2,298,796"
2019-07-05,"2,294,887"
2019-07-06,"2,290,822"
2019-07-07,"2,286,759"
2019-07-08,"2,283,491"
2019-07-09,"2,280,690"
2019-07-10,"2,277,112"
2019-07-11,"2,273,688"
2019-07-12,"2,271,045"
2019-07-13,"2,267,634"
2019-07-14,"2,263,912"
2019-07-15,"2,260,346"
2019-07-16,"2,257,089"
2019-07-17,"2,253,841"
2019-07-18,"2,250,905"
2019-07-19,"2,247,660"
2019-07-20,"2,245,033"
2019-07-21,"2,242,097"
2019-07-22,"2,239,782"
2019-07-23,"2,236,241"
2019-07-24,"2,232,699"
2019-07-25,"2,230,697"
2019-07-26,"2,227,310"
2019-07-27,"2,223,620"
2019-07-28,"2,221,011"
2019-07-29,"2,217,022"
2019-07-30,"2,213,339"
2019-07-31,"2,210,270"
2019-08-01,"2,207,058"
2019-08-02,"2,203,388"
2019-08-03,"2,200,024"
2019-08-04,"2,197,425"
2019-08-05,"2,194,368"
2019-08-06,"2,190,559"
2019-08-07,"2,188,273"
2019-08-08,"2,184,160"
2019-08-09,"2,180,503"
2019-08-10,"2,175,792"
2019-08-11,"2,172,908"
2019-08-12,"2,170,478"
2019-08-13,"2,168,353"
2019-08-14,"2,166,076"
2019-08-15,"2,163,799"
2019-08-16,"2,160,925"
2019-08-17,"2,158,202"
2019-08-18,"2,154,873"
2019-08-19,"2,150,788"
2019-08-20,"2,147,466"
2019-08-21,"2,144,149"
2019-08-22,"2,141,586"
2019-08-23,"2,138,873"
2019-08-24,"2,136,009"
2019-08-25,"2,132,546"
2019-08-26,"2,129,693"
2019-08-27,"2,127,140"
2019-08-28,"2,125,788"
2019-08-29,"2,122,785"
2019-08-30,"2,119,631"
2019-08-31,"2,116,188"
2019-09-01,"2,113,196"
2019-09-02,"2,108,559"
2019-09-03,"2,105,268"
2019-09-04,"2,102,730"
2019-09-05,"2,099,005"
2019-09-06,"2,095,877"
2019-09-07,"2,091,705"
2019-09-08,"2,088,429"
2019-09-09,"2,086,797"
2019-09-10,"2,086,055"
2019-09-11,"2,085,610"
2019-09-12,"2,085,313"
2019-09-13,"2,084,423"
2019-09-14,"2,083,829"
2019-09-15,"2,082,345"
2019-09-16,"2,080,565"
2019-09-17,"2,079,081"
2019-09-18,"2,078,339"
2019-09-19,"2,076,855"
2019-09-20,"2,074,184"
2019-09-21,"2,071,228"
2019-09-22,"2,068,124"
2019-09-23,"2,065,020"
2019-09-24,"2,063,247"
2019-09-25,"2,060,734"
2019-09-26,"2,057,785"
2019-09-27,"2,054,399"
2019-09-28,"2,049,836"
2019-09-29,"2,046,303"
2019-09-30,"2,042,925"
2019-10-01,"2,039,992"
2019-10-02,"2,036,914"
2019-10-03,"2,033,542"
2019-10-04,"2,031,929"
2019-10-05,"2,030,903"
2019-10-06,"2,028,417"
2019-10-07,"2,025,935"
2019-10-08,"2,022,576"
2019-10-09,"2,019,802"
2019-10-10,"2,016,152"
2019-10-11,"2,013,095"
2019-10-12,"2,009,896"
2019-10-13,"2,006,842"
2019-10-14,"2,003,788"
2019-10-15,"2,000,880"
2019-10-16,"1,997,549"
2019-10-17,"1,994,362"
2019-10-18,"1,991,465"
2019-10-19,"1,989,148"
2019-10-20,"1,986,252"
2019-10-21,"1,983,657"
2019-10-22,"1,982,504"
2019-10-23,"1,981,639"
2019-10-24,"1,980,053"
2019-10-25,"1,978,035"
2019-10-26,"1,976,593"
2019-10-27,"1,974,719"
2019-10-28,"1,972,845"
2019-10-29,"1,971,119"
2019-10-30,"1,970,116"
2019-10-31,"1,968,538"
2019-11-01,"1,967,534"
2019-11-02,"1,965,956"
2019-11-03,"1,964,666"
2019-11-04,"1,963,231"
2019-11-05,"1,961,654"
2019-11-06,"1,959,933"
2019-11-07,"1,958,499"
2019-11-08,"1,956,925"
2019-11-09,"1,955,355"
2019-11-10,"1,954,214"
2019-11-11,"1,953,072"
2019-11-12,"1,951,503"
2019-11-13,"1,950,076"
2019-11-14,"1,948,792"
2019-11-15,"1,947,365"
2019-11-16,"1,945,653"
2019-11-17,"1,944,226"
2019-11-18,"1,942,802"
2019-11-19,"1,941,383"
2019-11-20,"1,939,538"
2019-11-21,"1,937,835"
2019-11-22,"1,936,415"
2019-11-23,"1,934,996"
2019-11-24,"1,933,577"
2019-11-25,"1,931,732"
2019-11-26,"1,932,016"
2019-11-27,"1,930,880"
2019-11-28,"1,929,745"
2019-11-29,"1,928,330"
2019-11-30,"1,928,047"
2019-12-01,"1,928,330"
2019-12-02,"1,928,753"
2019-12-03,"1,928,047"
2019-12-04,"1,927,342"
2019-12-05,"1,926,353"
2019-12-06,"1,928,895"
2019-12-07,"1,936,983"
2019-12-08,"1,939,538"
2019-12-09,"1,939,964"
2019-12-10,"1,940,531"
2019-12-11,"1,942,093"
2019-12-12,"1,943,798"
2019-12-13,"1,946,081"
2019-12-14,"1,947,793"
2019-12-15,"1,948,935"
2019-12-16,"1,949,791"
2019-12-17,"1,950,219"
2019-12-18,"1,950,647"
2019-12-19,"1,952,216"
2019-12-20,"1,953,643"
2019-12-21,"1,954,784"
2019-12-22,"1,956,639"
2019-12-23,"1,957,638"
2019-12-24,"1,958,499"
2019-12-25,"1,959,359"
2019-12-26,"1,959,933"
2019-12-27,"1,960,220"
2019-12-28,"1,960,220"
2019-12-29,"1,960,506"
2019-12-30,"1,959,502"
2019-12-31,"1,957,067"
2020-01-01,"1,957,210"
2020-01-02,"1,956,925"
2020-01-03,"1,956,782"
2020-01-04,"1,956,782"
2020-01-05,"1,956,354"
2020-01-06,"1,956,639"
2020-01-07,"1,956,354"
2020-01-08,"1,956,639"
2020-01-09,"1,957,210"
2020-01-10,"1,957,067"
2020-01-11,"1,957,067"
2020-01-12,"1,956,782"
2020-01-13,"1,957,067"
2020-01-14,"1,957,638"
2020-01-15,"1,958,212"
2020-01-16,"1,959,359"
2020-01-17,"1,960,363"
2020-01-18,"1,960,506"
2020-01-19,"1,961,224"
2020-01-20,"1,961,510"
2020-01-21,"1,963,805"
2020-01-22,"1,964,522"
2020-01-23,"1,965,813"
2020-01-24,"1,968,538"
2020-01-25,"1,972,989"
2020-01-26,"1,980,630"
2020-01-27,"1,985,243"
2020-01-28,"1,989,582"
2020-01-29,"1,992,769"
2020-01-30,"1,995,955"
2020-01-31,"1,998,273"
2020-02-01,"2,000,880"
2020-02-02,"2,002,916"
2020-02-03,"2,004,806"
2020-02-04,"2,006,115"
2020-02-05,"2,007,715"
2020-02-06,"2,009,314"
2020-02-07,"2,010,623"
2020-02-08,"2,011,787"
2020-02-09,"2,012,514"
2020-02-10,"2,013,532"
2020-02-11,"2,014,404"
2020-02-12,"2,014,840"
2020-02-13,"2,015,860"
2020-02-14,"2,016,590"
2020-02-15,"2,017,320"
2020-02-16,"2,017,758"
2020-02-17,"2,018,634"
2020-02-18,"2,018,780"
2020-02-19,"2,018,780"
2020-02-20,"2,018,780"
2020-02-21,"2,018,780"
2020-02-22,"2,019,510"
2020-02-23,"2,019,948"
2020-02-24,"2,020,532"
2020-02-25,"2,020,970"
2020-02-26,"2,021,700"
2020-02-27,"2,023,161"
2020-02-28,"2,023,599"
2020-02-29,"2,023,891"
2020-03-01,"2,023,599"
2020-03-02,"2,023,599"
2020-03-03,"2,024,183"
2020-03-04,"2,024,767"
2020-03-05,"2,025,643"
2020-03-06,"2,026,081"
2020-03-07,"2,026,957"
2020-03-08,"2,027,833"
2020-03-09,"2,028,855"
2020-03-10,"2,029,293"
2020-03-11,"2,029,877"
2020-03-12,"2,030,023"
2020-03-13,"2,027,395"
2020-03-14,"2,025,351"
2020-03-15,"2,023,599"
2020-03-16,"2,021,554"
2020-03-17,"2,020,386"
2020-03-18,"2,018,342"
2020-03-19,"2,016,444"
2020-03-20,"2,013,822"
2020-03-21,"2,011,059"
2020-03-22,"2,006,115"
2020-03-23,"2,002,334"
2020-03-24,"1,999,576"
2020-03-25,"1,996,390"
2020-03-26,"1,992,914"
2020-03-27,"1,989,438"
2020-03-28,"1,986,686"
2020-03-29,"1,983,080"
2020-03-30,"1,979,476"
2020-03-31,"1,975,440"
2020-04-01,"1,970,546"
2020-04-02,"1,965,670"
2020-04-03,"1,961,367"
2020-04-04,"1,958,642"
2020-04-05,"1,959,072"
2020-04-06,"1,958,355"
2020-04-07,"1,957,638"
2020-04-08,"1,959,072"
2020-04-09,"1,960,506"
2020-04-10,"1,961,654"
2020-04-11,"1,963,518"
2020-04-12,"1,965,383"
2020-04-13,"1,965,239"
2020-04-14,"1,961,367"
2020-04-15,"1,957,781"
2020-04-16,"1,954,784"
2020-04-17,"1,951,645"
2020-04-18,"1,949,220"
2020-04-19,"1,948,221"
2020-04-20,"1,945,653"
2020-04-21,"1,943,086"
2020-04-22,"1,940,389"
2020-04-23,"1,937,977"
2020-04-24,"1,934,996"
2020-04-25,"1,932,867"
2020-04-26,"1,929,887"
2020-04-27,"1,927,342"
2020-04-28,"1,925,224"
2020-04-29,"1,923,529"
2020-04-30,"1,921,129"
2020-05-01,"1,918,023"
2020-05-02,"1,914,918"
2020-05-03,"1,912,389"
2020-05-04,"1,908,597"
2020-05-05,"1,904,524"
2020-05-06,"1,902,417"
2020-05-07,"1,900,034"
2020-05-08,"1,897,798"
2020-05-09,"1,895,982"
2020-05-10,"1,893,747"
2020-05-11,"1,890,673"
2020-05-12,"1,887,599"
2020-05-13,"1,885,650"
2020-05-14,"1,883,427"
2020-05-15,"1,881,064"
2020-05-16,"1,879,257"
2020-05-17,"1,882,593"
2020-05-18,"1,884,260"
2020-05-19,"1,884,677"
2020-05-20,"1,884,260"
2020-05-21,"1,882,593"
2020-05-22,"1,880,925"
2020-05-23,"1,878,979"
2020-05-24,"1,877,172"
2020-05-25,"1,875,783"
2020-05-26,"1,874,254"
2020-05-27,"1,873,004"
2020-05-28,"1,871,483"
2020-05-29,"1,869,962"
2020-05-30,"1,868,580"
2020-05-31,"1,866,644"
2020-06-01,"1,864,018"
2020-06-02,"1,860,976"
2020-06-03,"1,858,079"
2020-06-04,"1,855,329"
2020-06-05,"1,851,890"
2020-06-06,"1,847,352"
2020-06-07,"1,843,238"
2020-06-08,"1,839,269"
2020-06-09,"1,836,258"
2020-06-10,"1,832,974"
2020-06-11,"1,829,699"
2020-06-12,"1,825,884"
2020-06-13,"1,821,797"
2020-06-14,"1,817,304"
2020-06-15,"1,812,557"
2020-06-16,"1,807,266"
2020-06-17,"1,802,798"
2020-06-18,"1,799,287"
2020-06-19,"1,796,046"
2020-06-20,"1,791,724"
2020-06-21,"1,788,764"
2020-06-22,"1,785,538"
2020-06-23,"1,781,908"
2020-06-24,"1,778,547"
2020-06-25,"1,775,331"
2020-06-26,"1,771,315"
2020-06-27,"1,766,898"
2020-06-28,"1,761,557"
2020-06-29,"1,757,560"
2020-06-30,"1,753,030"
2020-07-01,"1,749,837"
2020-07-02,"1,746,521"
2020-07-03,"1,743,072"
2020-07-04,"1,738,827"
2020-07-05,"1,734,861"
2020-07-06,"1,730,635"
2020-07-07,"1,726,014"
2020-07-08,"1,722,458"
2020-07-09,"1,718,383"
2020-07-10,"1,714,571"
2020-07-11,"1,711,285"
2020-07-12,"1,706,314"
2020-07-13,"1,703,044"
2020-07-14,"1,699,511"
2020-07-15,"1,695,991"
2020-07-16,"1,692,086"
2020-07-17,"1,688,051"
2020-07-18,"1,683,894"
2020-07-19,"1,680,009"
2020-07-20,"1,676,254"
2020-07-21,"1,672,241"
2020-07-22,"1,667,732"
2020-07-23,"1,663,353"
2020-07-24,"1,659,488"
2020-07-25,"1,655,515"
2020-07-26,"1,651,158"
2020-07-27,"1,647,570"
2020-07-28,"1,643,103"
2020-07-29,"1,639,151"
2020-07-30,"1,634,689"
2020-07-31,"1,630,119"
2020-08-01,"1,626,314"
2020-08-02,"1,621,368"
2020-08-03,"1,617,329"
2020-08-04,"1,613,670"
2020-08-05,"1,608,372"
2020-08-06,"1,603,854"
2020-08-07,"1,599,335"
2020-08-08,"1,595,448"
2020-08-09,"1,591,577"
2020-08-10,"1,587,332"
2020-08-11,"1,583,462"
2020-08-12,"1,578,742"
2020-08-13,"1,574,767"
2020-08-14,"1,570,547"
2020-08-15,"1,566,469"
2020-08-16,"1,562,019"
2020-08-17,"1,557,699"
2020-08-18,"1,552,781"
2020-08-19,"1,548,477"
2020-08-20,"1,544,186"
2020-08-21,"1,539,537"
2020-08-22,"1,535,256"
2020-08-23,"1,531,113"
2020-08-24,"1,526,853"
2020-08-25,"1,522,349"
2020-08-26,"1,518,110"
2020-08-27,"1,513,630"
2020-08-28,"1,509,756"
2020-08-29,"1,505,299"
2020-08-30,"1,500,963"
2020-08-31,"1,496,513"
2020-09-01,"1,492,198"
2020-09-02,"1,488,003"
2020-09-03,"1,484,058"
2020-09-04,"1,480,124"
2020-09-05,"1,476,547"
2020-09-06,"1,473,331"
2020-09-07,"1,470,129"
2020-09-08,"1,466,215"
2020-09-09,"1,461,710"
2020-09-10,"1,457,110"
2020-09-11,"1,452,863"
2020-09-12,"1,448,275"
2020-09-13,"1,442,997"
2020-09-14,"1,438,074"
2020-09-15,"1,431,311"
2020-09-16,"1,425,026"
2020-09-17,"1,419,462"
2020-09-18,"1,412,753"
2020-09-19,"1,407,336"
2020-09-20,"1,402,503"
2020-09-21,"1,397,232"
2020-09-22,"1,392,535"
2020-09-23,"1,387,635"
2020-09-24,"1,383,079"
2020-09-25,"1,377,178"
2020-09-26,"1,372,421"
2020-09-27,"1,367,677"
2020-09-28,"1,362,948"
2020-09-29,"1,357,662"
2020-09-30,"1,354,080"
2020-10-01,"1,351,394"
2020-10-02,"1,347,925"
2020-10-03,"1,344,251"
2020-10-04,"1,340,915"
2020-10-05,"1,339,803"
2020-10-06,"1,338,023"
2020-10-07,"1,336,023"
2020-10-08,"1,333,924"
2020-10-09,"1,331,936"
2020-10-10,"1,330,390"
2020-10-11,"1,328,734"
2020-10-12,"1,327,298"
2020-10-13,"1,325,641"
2020-10-14,"1,324,102"
2020-10-15,"1,323,005"
2020-10-16,"1,321,579"
2020-10-17,"1,320,263"
2020-10-18,"1,319,057"
2020-10-19,"1,317,521"
2020-10-20,"1,315,986"
2020-10-21,"1,314,450"
2020-10-22,"1,312,705"
2020-10-23,"1,311,289"
2020-10-24,"1,309,982"
2020-10-25,"1,308,566"
2020-10-26,"1,307,259"
2020-10-27,"1,305,952"
2020-10-28,"1,304,100"
2020-10-29,"1,303,013"
2020-10-30,"1,302,039"
2020-10-31,"1,300,958"
2020-11-01,"1,299,443"
2020-11-02,"1,297,929"
2020-11-03,"1,296,415"
2020-11-04,"1,295,117"
2020-11-05,"1,294,144"
2020-11-06,"1,293,062"
2020-11-07,"1,291,876"
2020-11-08,"1,290,587"
2020-11-09,"1,289,513"
2020-11-10,"1,288,976"
2020-11-11,"1,287,150"
2020-11-12,"1,285,646"
2020-11-13,"1,285,861"
2020-11-14,"1,285,002"
2020-11-15,"1,284,250"
2020-11-16,"1,283,283"
2020-11-17,"1,282,746"
2020-11-18,"1,282,424"
2020-11-19,"1,282,854"
2020-11-20,"1,281,994"
2020-11-21,"1,281,032"
2020-11-22,"1,279,965"
2020-11-23,"1,279,112"
2020-11-24,"1,278,366"
2020-11-25,"1,277,192"
2020-11-26,"1,276,552"
2020-11-27,"1,275,486"
2020-11-28,"1,274,206"
2020-11-29,"1,273,566"
2020-11-30,"1,272,499"
2020-12-01,"1,271,113"
2020-12-02,"1,270,265"
2020-12-03,"1,268,994"
2020-12-04,"1,268,252"
2020-12-05,"1,267,617"
2020-12-06,"1,266,876"
2020-12-07,"1,266,240"
2020-12-08,"1,265,605"
2020-12-09,"1,264,122"
2020-12-10,"1,263,169"
2020-12-11,"1,262,215"
2020-12-12,"1,261,368"
2020-12-13,"1,261,262"
2020-12-14,"1,259,994"
2020-12-15,"1,259,258"
2020-12-16,"1,259,153"
2020-12-17,"1,258,206"
2020-12-18,"1,257,365"
2020-12-19,"1,256,419"
2020-12-20,"1,255,577"
2020-12-21,"1,254,841"
2020-12-22,"1,253,894"
2020-12-23,"1,253,158"
2020-12-24,"1,252,107"
2020-12-25,"1,251,686"
2020-12-26,"1,251,370"
2020-12-27,"1,250,634"
2020-12-28,"1,249,480"
2020-12-29,"1,248,332"
2020-12-30,"1,247,601"
2020-12-31,"1,246,661"
2021-01-01,"1,246,139"
2021-01-02,"1,245,094"
2021-01-03,"1,244,781"
2021-01-04,"1,246,452"
2021-01-05,"1,246,661"
2021-01-06,"1,246,765"
2021-01-07,"1,246,870"
2021-01-08,"1,246,452"
2021-01-09,"1,246,139"
2021-01-10,"1,245,825"
2021-01-11,"1,244,781"
2021-01-12,"1,246,556"
2021-01-13,"1,249,167"
2021-01-14,"1,250,108"
2021-01-15,"1,250,319"
2021-01-16,"1,250,739"
2021-01-17,"1,251,160"
2021-01-18,"1,251,160"
2021-01-19,"1,250,950"
2021-01-20,"1,250,529"
2021-01-21,"1,250,319"
2021-01-22,"1,249,794"
2021-01-23,"1,249,271"
2021-01-24,"1,248,540"
2021-01-25,"1,248,018"
2021-01-26,"1,248,749"
2021-01-27,"1,248,436"
2021-01-28,"1,248,645"
2021-01-29,"1,248,436"
2021-01-30,"1,247,601"
2021-01-31,"1,248,645"
2021-02-01,"1,250,003"
2021-02-02,"1,252,107"
2021-02-03,"1,253,789"
2021-02-04,"1,254,420"
2021-02-05,"1,255,577"
2021-02-06,"1,256,208"
2021-02-07,"1,256,524"
2021-02-08,"1,256,524"
2021-02-09,"1,256,944"
2021-02-10,"1,257,470"
2021-02-11,"1,258,943"
2021-02-12,"1,260,310"
2021-02-13,"1,262,215"
2021-02-14,"1,263,804"
2021-02-15,"1,264,969"
2021-02-16,"1,265,605"
2021-02-17,"1,266,346"
2021-02-18,"1,268,146"
2021-02-19,"1,269,206"
2021-02-20,"1,270,265"
2021-02-21,"1,270,688"
2021-02-22,"1,271,433"
2021-02-23,"1,271,646"
2021-02-24,"1,272,286"
2021-02-25,"1,272,606"
2021-02-26,"1,273,139"
2021-02-27,"1,273,033"
2021-02-28,"1,273,353"
2021-03-01,"1,273,459"
2021-03-02,"1,273,459"
2021-03-03,"1,273,779"
2021-03-04,"1,274,312"
2021-03-05,"1,274,739"
2021-03-06,"1,275,486"
2021-03-07,"1,276,019"
2021-03-08,"1,276,232"
2021-03-09,"1,277,192"
2021-03-10,"1,277,726"
2021-03-11,"1,277,726"
2021-03-12,"1,278,152"
2021-03-13,"1,278,579"
2021-03-14,"1,279,645"
2021-03-15,"1,279,752"
2021-03-16,"1,280,499"
2021-03-17,"1,280,819"
2021-03-18,"1,281,672"
2021-03-19,"1,282,746"
2021-03-20,"1,283,605"
2021-03-21,"1,284,142"
2021-03-22,"1,284,679"
2021-03-23,"1,285,002"
2021-03-24,"1,285,217"
2021-03-25,"1,285,754"
2021-03-26,"1,286,935"
2021-03-27,"1,287,902"
2021-03-28,"1,288,868"
2021-03-29,"1,290,157"
2021-03-30,"1,291,231"
2021-03-31,"1,292,413"
2021-04-01,"1,293,819"
2021-04-02,"1,295,874"
2021-04-03,"1,297,497"
2021-04-04,"1,298,903"
2021-04-05,"1,300,849"
2021-04-06,"1,303,013"
2021-04-07,"1,305,516"
2021-04-08,"1,307,368"
2021-04-09,"1,307,477"
2021-04-10,"1,308,893"
2021-04-11,"1,309,982"
2021-04-12,"1,310,200"
2021-04-13,"1,309,982"
2021-04-14,"1,309,764"
2021-04-15,"1,309,437"
2021-04-16,"1,307,695"
2021-04-17,"1,306,388"
2021-04-18,"1,306,388"
2021-04-19,"1,307,150"
2021-04-20,"1,309,220"
2021-04-21,"1,311,943"
2021-04-22,"1,311,507"
2021-04-23,"1,311,071"
2021-04-24,"1,312,160"
2021-04-25,"1,313,685"
2021-04-26,"1,313,032"
2021-04-27,"1,312,052"
2021-04-28,"1,307,804"
2021-04-29,"1,306,061"
2021-04-30,"1,306,061"
2021-05-01,"1,307,259"
2021-05-02,"1,307,368"
2021-05-03,"1,307,150"
2021-05-04,"1,307,259"
2021-05-05,"1,307,150"
2021-05-06,"1,306,714"
2021-05-07,"1,306,279"
2021-05-08,"1,305,843"
2021-05-09,"1,304,536"
2021-05-10,"1,303,556"
2021-05-11,"1,302,364"
2021-05-12,"1,301,174"
2021-05-13,"1,300,201"
2021-05-14,"1,299,011"
2021-05-15,"1,297,713"
2021-05-16,"1,296,415"
2021-05-17,"1,294,576"
2021-05-18,"1,292,413"
2021-05-19,"1,289,728"
2021-05-20,"1,287,257"
2021-05-21,"1,284,679"
2021-05-22,"1,282,102"
2021-05-23,"1,279,645"
2021-05-24,"1,276,659"
2021-05-25,"1,274,312"
2021-05-26,"1,271,753"
2021-05-27,"1,269,417"
2021-05-28,"1,266,981"
2021-05-29,"1,264,334"
2021-05-30,"1,262,110"
2021-05-31,"1,259,784"
2021-06-01,"1,257,260"
2021-06-02,"1,254,736"
2021-06-03,"1,251,686"
2021-06-04,"1,248,540"
2021-06-05,"1,244,990"
2021-06-06,"1,241,439"
2021-06-07,"1,237,691"
2021-06-08,"1,234,579"
2021-06-09,"1,231,052"
2021-06-10,"1,227,947"
2021-06-11,"1,225,164"
2021-06-12,"1,222,175"
2021-06-13,"1,218,876"
2021-06-14,"1,215,802"
2021-06-15,"1,212,729"
2021-06-16,"1,209,553"
2021-06-17,"1,206,697"
2021-06-18,"1,203,745"
2021-06-19,"1,200,691"
2021-06-20,"1,197,440"
2021-06-21,"1,194,001"
2021-06-22,"1,190,259"
2021-06-23,"1,186,628"
2021-06-24,"1,183,211"
2021-06-25,"1,179,794"
2021-06-26,"1,176,488"
2021-06-27,"1,173,293"
2021-06-28,"1,169,598"
2021-06-29,"1,165,719"
2021-06-30,"1,162,147"
2021-07-01,"1,158,575"
2021-07-02,"1,154,531"
2021-07-03,"1,148,615"
2021-07-04,"1,142,737"
2021-07-05,"1,137,163"
2021-07-06,"1,131,615"
2021-07-07,"1,125,602"
2021-07-08,"1,120,475"
2021-07-09,"1,115,758"
2021-07-10,"1,111,049"
2021-07-11,"1,106,265"
2021-07-12,"1,101,490"
2021-07-13,"1,096,546"
2021-07-14,"1,091,421"
2021-07-15,"1,086,230"
2021-07-16,"1,081,044"
2021-07-17,"1,076,266"
2021-07-18,"1,071,397"
2021-07-19,"1,066,370"
2021-07-20,"1,061,258"
2021-07-21,"1,056,171"
2021-07-22,"1,051,097"
2021-07-23,"1,045,767"
2021-07-24,"1,040,550"
2021-07-25,"1,035,710"
2021-07-26,"1,029,986"
2021-07-27,"1,024,458"
2021-07-28,"1,019,314"
2021-07-29,"1,013,918"
2021-07-30,"1,008,716"
2021-07-31,"1,003,807"
2021-08-01,"998,550"
2021-08-02,"992,348"
2021-08-03,"986,522"
2021-08-04,"982,735"
2021-08-05,"977,912"
2021-08-06,"972,485"
2021-08-07,"966,831"
2021-08-08,"961,365"
2021-08-09,"955,832"
2021-08-10,"950,930"
2021-08-11,"945,525"
2021-08-12,"939,890"
2021-08-13,"934,704"
2021-08-14,"929,700"
2021-08-15,"924,811"
2021-08-16,"919,596"
2021-08-17,"914,320"
2021-08-18,"908,736"
2021-08-19,"903,501"
2021-08-20,"898,046"
2021-08-21,"893,024"
2021-08-22,"887,607"
2021-08-23,"882,630"
2021-08-24,"877,911"
2021-08-25,"874,102"
2021-08-26,"870,141"
2021-08-27,"866,759"
2021-08-28,"863,699"
2021-08-29,"860,417"
2021-08-30,"856,816"
2021-08-31,"853,787"
2021-09-01,"850,607"
2021-09-02,"847,112"
2021-09-03,"843,240"
2021-09-04,"838,586"
2021-09-05,"831,523"
2021-09-06,"824,034"
2021-09-07,"818,531"
2021-09-08,"813,819"
2021-09-09,"809,429"
2021-09-10,"805,599"
2021-09-11,"802,003"
2021-09-12,"797,283"
2021-09-13,"792,499"
2021-09-14,"787,588"
2021-09-15,"781,945"
2021-09-16,"776,623"
2021-09-17,"771,771"
2021-09-18,"767,833"
2021-09-19,"763,826"
2021-09-20,"758,808"
2021-09-21,"753,806"
2021-09-22,"748,602"
2021-09-23,"743,794"
2021-09-24,"738,782"
2021-09-25,"734,654"
2021-09-26,"730,188"
2021-09-27,"724,947"
2021-09-28,"719,655"
2021-09-29,"715,110"
2021-09-30,"710,444"
2021-10-01,"706,784"
2021-10-02,"702,518"
2021-10-03,"698,197"
2021-10-04,"693,978"
2021-10-05,"690,051"
2021-10-06,"687,035"
2021-10-07,"683,279"
2021-10-08,"679,338"
2021-10-09,"675,489"
2021-10-10,"671,717"
2021-10-11,"667,377"
2021-10-12,"663,649"
2021-10-13,"659,812"
2021-10-14,"655,929"
2021-10-15,"652,390"
2021-10-16,"649,456"
2021-10-17,"647,699"
2021-10-18,"646,138"
2021-10-19,"645,162"
2021-10-20,"643,675"
2021-10-21,"643,546"
2021-10-22,"648,675"
2021-10-23,"649,066"
2021-10-24,"657,175"
2021-10-25,"660,540"
2021-10-26,"662,194"
2021-10-27,"664,443"
2021-10-28,"666,109"
2021-10-29,"667,310"
2021-10-30,"668,445"
2021-10-31,"669,646"
2021-11-01,"672,930"
2021-11-02,"677,712"
2021-11-03,"680,086"
2021-11-04,"684,366"
2021-11-05,"687,035"
2021-11-06,"689,297"
2021-11-07,"691,011"
2021-11-08,"692,733"
2021-11-09,"695,430"
2021-11-10,"697,436"
2021-11-11,"699,657"
2021-11-12,"701,890"
2021-11-13,"702,867"
2021-11-14,"704,053"
2021-11-15,"704,891"
2021-11-16,"704,960"
2021-11-17,"706,010"
2021-11-18,"706,573"
2021-11-19,"707,347"
2021-11-20,"707,840"
2021-11-21,"707,910"
2021-11-22,"707,840"
2021-11-23,"708,051"
2021-11-24,"708,051"
2021-11-25,"708,051"
2021-11-26,"707,980"
2021-11-27,"708,121"
2021-11-28,"708,614"
2021-11-29,"708,121"
2021-11-30,"707,910"
2021-12-01,"707,558"
2021-12-02,"706,995"
2021-12-03,"706,784"
2021-12-04,"706,713"
2021-12-05,"706,643"
2021-12-06,"705,728"
2021-12-07,"705,519"
2021-12-08,"705,519"
2021-12-09,"705,170"
2021-12-10,"704,891"
2021-12-11,"705,030"
2021-12-12,"705,519"
2021-12-13,"706,995"
2021-12-14,"707,699"
2021-12-15,"709,177"
2021-12-16,"709,529"
2021-12-17,"709,459"
2021-12-18,"709,599"
2021-12-19,"709,881"
2021-12-20,"710,163"
2021-12-21,--
2021-12-22,"711,570"
2021-12-23,"713,264"
2021-12-24,"714,116"
2021-12-25,"715,394"
2021-12-26,"716,175"
2021-12-27,"717,596"
2021-12-28,"718,448"
2021-12-29,"719,158"
2021-12-30,"719,513"
2021-12-31,"720,083"
2022-01-01,--
2022-01-02,"720,726"
2022-01-03,"721,084"
2022-01-04,"722,443"
2022-01-05,"724,088"
2022-01-06,"726,377"
2022-01-07,"728,173"
2022-01-08,"728,173"
2022-01-09,"728,173"
2022-01-10,"734,219"
2022-01-11,"735,378"
2022-01-12,"736,537"
2022-01-13,"737,841"
2022-01-14,"737,841"
2022-01-15,"737,841"
2022-01-16,"737,841"
2022-01-17,"737,841"
2022-01-18,"737,841"
2022-01-19,"745,251"
2022-01-20,"745,251"
2022-01-21,"749,115"
2022-01-22,"750,727"
2022-01-23,"752,194"
2022-01-24,"753,806"
2022-01-25,"754,979"
2022-01-26,"756,522"
2022-01-27,"757,997"
2022-01-28,"759,103"
2022-01-29,"760,210"
2022-01-30,"761,463"
2022-01-31,"762,570"
2022-02-01,"762,939"
